item_id,transaction_id,product_id,quantity,unit_price,subtotal
1,1000,18,2,36,72
2,1001,7,5,95,475
3,1001,35,4,72,288
4,1002,2,2,320,640
5,1003,33,5,78,390
6,1003,39,2,14,28
7,1004,35,4,72,288
8,1004,27,3,45,135
9,1004,15,3,32,96
10,1004,29,1,240,240
11,1004,18,2,36,72
12,1004,1,3,260,780
13,1005,6,1,58,58
14,1006,23,4,18,72
15,1006,39,5,14,70
16,1006,17,1,42,42
17,1007,6,5,58,290
18,1007,36,2,9,18
19,1007,19,1,30,30
20,1007,40,1,26,26
21,1008,15,4,32,128
22,1008,19,3,30,90
23,1008,6,2,58,116
24,1008,40,3,26,78
25,1008,7,3,95,285
26,1008,25,2,20,40
27,1009,18,4,36,144
28,1009,5,3,22,66
29,1009,11,5,9,45
30,1009,35,2,72,144
31,1009,16,3,30,90
32,1009,38,1,44,44
33,1010,3,2,1550,3100
34,1010,21,1,40,40
35,1011,37,4,50,200
36,1011,21,4,40,160
37,1012,30,5,115,575
38,1012,10,4,68,272
39,1012,17,5,42,210
40,1012,9,4,75,300
41,1012,16,3,30,90
42,1012,35,2,72,144
43,1013,33,1,78,78
44,1013,32,1,165,165
45,1014,11,1,9,9
46,1014,28,4,25,100
47,1015,39,1,14,14
48,1015,30,1,115,115
49,1015,34,5,3,15
50,1015,17,3,42,126
51,1016,22,5,48,240
52,1016,8,2,27,54
53,1016,19,5,30,150
54,1016,28,1,25,25
55,1016,11,3,9,27
56,1016,30,5,115,575
57,1016,1,5,260,1300
58,1017,10,5,68,340
59,1017,24,5,92,460
60,1018,39,4,14,56
61,1019,24,2,92,184
62,1020,16,1,30,30
63,1021,32,5,165,825
64,1022,9,4,75,300
65,1022,40,2,26,52
66,1022,31,5,190,950
67,1022,36,2,9,18
68,1022,11,3,9,27
69,1022,17,4,42,168
70,1022,34,3,3,9
71,1023,34,1,3,3
72,1023,29,2,240,480
73,1023,8,1,27,27
74,1023,16,5,30,150
75,1024,15,1,32,32
76,1024,38,1,44,44
77,1024,1,3,260,780
78,1024,5,1,22,22
79,1024,4,5,55,275
80,1025,18,5,36,180
81,1025,32,2,165,330
82,1026,37,1,50,50
83,1026,40,1,26,26
84,1026,31,4,190,760
85,1026,16,3,30,90
86,1026,38,4,44,176
87,1026,27,4,45,180
88,1027,7,2,95,190
89,1027,4,5,55,275
90,1027,26,4,50,200
91,1027,22,2,48,96
92,1027,40,4,26,104
93,1027,16,2,30,60
94,1028,30,5,115,575
95,1028,16,1,30,30
96,1028,5,1,22,22
97,1029,35,4,72,288
98,1029,1,2,260,520
99,1029,6,4,58,232
100,1029,16,1,30,30
101,1029,11,2,9,18
102,1029,27,4,45,180
103,1030,25,4,20,80
104,1031,28,2,25,50
105,1031,36,3,9,27
106,1031,32,2,165,330
107,1032,38,1,44,44
108,1033,21,1,40,40
109,1033,4,5,55,275
110,1033,39,1,14,14
111,1033,31,2,190,380
112,1033,33,1,78,78
113,1033,34,5,3,15
114,1034,16,1,30,30
115,1035,16,4,30,120
116,1035,38,5,44,220
117,1035,39,5,14,70
118,1035,3,2,1550,3100
119,1035,40,3,26,78
120,1036,21,4,40,160
121,1036,16,2,30,60
122,1037,20,5,78,390
123,1037,30,1,115,115
124,1037,21,1,40,40
125,1037,5,5,22,110
126,1037,1,2,260,520
127,1037,39,5,14,70
128,1038,9,3,75,225
129,1038,23,3,18,54
130,1038,5,2,22,44
131,1039,35,5,72,360
132,1039,20,3,78,234
133,1039,40,1,26,26
134,1039,34,2,3,6
135,1040,8,3,27,81
136,1040,7,3,95,285
137,1040,36,5,9,45
138,1041,17,3,42,126
139,1041,33,1,78,78
140,1042,28,1,25,25
141,1043,22,3,48,144
142,1044,29,1,240,240
143,1044,36,1,9,9
144,1045,10,1,68,68
145,1046,24,3,92,276
146,1046,38,1,44,44
147,1046,36,3,9,27
148,1046,10,2,68,136
149,1046,28,2,25,50
150,1046,9,1,75,75
151,1046,3,2,1550,3100
152,1047,36,2,9,18
153,1047,27,3,45,135
154,1047,10,4,68,272
155,1047,16,2,30,60
156,1047,11,3,9,27
157,1047,12,2,15,30
158,1047,39,1,14,14
159,1048,3,2,1550,3100
160,1048,31,3,190,570
161,1048,15,2,32,64
162,1048,13,1,780,780
163,1049,13,2,780,1560
164,1050,5,4,22,88
165,1050,18,5,36,180
166,1050,23,3,18,54
167,1051,8,2,27,54
168,1052,17,3,42,126
169,1052,3,2,1550,3100
170,1052,7,5,95,475
171,1052,39,5,14,70
172,1052,28,1,25,25
173,1053,37,1,50,50
174,1053,13,1,780,780
175,1053,17,3,42,126
176,1053,3,2,1550,3100
177,1054,22,3,48,144
178,1055,8,5,27,135
179,1055,20,2,78,156
180,1055,33,2,78,156
181,1055,39,4,14,56
182,1055,27,4,45,180
183,1055,21,2,40,80
184,1055,26,5,50,250
185,1056,20,4,78,312
186,1056,26,5,50,250
187,1056,36,5,9,45
188,1056,1,3,260,780
189,1056,19,4,30,120
190,1057,29,1,240,240
191,1057,14,3,40,120
192,1057,33,5,78,390
193,1057,31,5,190,950
194,1058,6,2,58,116
195,1058,16,2,30,60
196,1058,20,1,78,78
197,1059,16,5,30,150
198,1060,5,2,22,44
199,1060,30,2,115,230
200,1060,27,1,45,45
201,1060,37,1,50,50
202,1060,13,2,780,1560
203,1060,25,2,20,40
204,1060,32,2,165,330
205,1061,34,4,3,12
206,1061,30,5,115,575
207,1061,4,5,55,275
208,1061,36,5,9,45
209,1061,16,3,30,90
210,1061,8,4,27,108
211,1061,39,5,14,70
212,1062,33,2,78,156
213,1062,28,3,25,75
214,1062,36,5,9,45
215,1062,29,2,240,480
216,1062,11,2,9,18
217,1062,31,3,190,570
218,1062,37,4,50,200
219,1063,19,3,30,90
220,1064,21,2,40,80
221,1064,35,2,72,144
222,1064,6,4,58,232
223,1065,10,4,68,272
224,1065,14,4,40,160
225,1065,5,1,22,22
226,1065,27,2,45,90
227,1065,37,4,50,200
228,1065,22,4,48,192
229,1066,38,4,44,176
230,1066,2,4,320,1280
231,1066,37,5,50,250
232,1066,25,5,20,100
233,1066,31,5,190,950
234,1066,1,2,260,520
235,1066,23,4,18,72
236,1067,18,1,36,36
237,1067,28,4,25,100
238,1068,26,5,50,250
239,1068,11,5,9,45
240,1068,30,1,115,115
241,1068,9,1,75,75
242,1068,35,4,72,288
243,1068,2,2,320,640
244,1069,30,3,115,345
245,1069,12,3,15,45
246,1069,4,4,55,220
247,1069,17,3,42,126
248,1069,25,4,20,80
249,1069,21,3,40,120
250,1069,14,1,40,40
251,1070,2,1,320,320
252,1070,35,1,72,72
253,1070,4,1,55,55
254,1070,23,2,18,36
255,1071,2,2,320,640
256,1071,40,2,26,52
257,1072,8,3,27,81
258,1072,37,2,50,100
259,1072,14,5,40,200
260,1072,30,5,115,575
261,1073,8,4,27,108
262,1073,11,4,9,36
263,1073,20,2,78,156
264,1073,7,1,95,95
265,1073,2,5,320,1600
266,1073,38,2,44,88
267,1074,20,1,78,78
268,1075,37,3,50,150
269,1075,3,1,1550,1550
270,1075,23,4,18,72
271,1075,35,4,72,288
272,1075,28,1,25,25
273,1075,24,4,92,368
274,1075,5,3,22,66
275,1076,30,5,115,575
276,1076,10,4,68,272
277,1076,28,4,25,100
278,1076,12,4,15,60
279,1076,34,5,3,15
280,1076,18,3,36,108
281,1077,16,2,30,60
282,1077,6,4,58,232
283,1077,18,5,36,180
284,1078,25,2,20,40
285,1078,22,3,48,144
286,1078,2,3,320,960
287,1078,32,3,165,495
288,1078,21,3,40,120
289,1078,12,5,15,75
290,1079,18,4,36,144
291,1079,36,4,9,36
292,1079,1,5,260,1300
293,1079,34,2,3,6
294,1079,13,2,780,1560
295,1079,6,4,58,232
296,1080,2,2,320,640
297,1080,6,3,58,174
298,1080,19,5,30,150
299,1080,15,3,32,96
300,1081,36,3,9,27
301,1081,34,3,3,9
302,1081,23,4,18,72
303,1081,28,3,25,75
304,1082,17,3,42,126
305,1082,15,1,32,32
306,1082,8,5,27,135
307,1083,12,2,15,30
308,1083,13,2,780,1560
309,1083,14,2,40,80
310,1083,31,3,190,570
311,1083,18,2,36,72
312,1083,34,3,3,9
313,1083,19,1,30,30
314,1084,35,4,72,288
315,1084,9,1,75,75
316,1084,18,1,36,36
317,1084,3,2,1550,3100
318,1084,4,4,55,220
319,1084,19,4,30,120
320,1085,22,1,48,48
321,1085,12,1,15,15
322,1085,4,4,55,220
323,1085,17,4,42,168
324,1086,37,2,50,100
325,1087,37,2,50,100
326,1087,20,1,78,78
327,1088,27,4,45,180
328,1088,39,4,14,56
329,1088,40,3,26,78
330,1088,15,5,32,160
331,1088,34,4,3,12
332,1089,37,1,50,50
333,1089,40,2,26,52
334,1089,4,2,55,110
335,1090,6,1,58,58
336,1090,11,4,9,36
337,1090,16,4,30,120
338,1090,12,5,15,75
339,1090,36,4,9,36
340,1090,5,3,22,66
341,1091,15,3,32,96
342,1092,30,5,115,575
343,1092,5,2,22,44
344,1092,15,2,32,64
345,1092,17,3,42,126
346,1092,13,1,780,780
347,1092,28,1,25,25
348,1093,11,5,9,45
349,1094,37,3,50,150
350,1094,19,5,30,150
351,1094,29,2,240,480
352,1094,8,4,27,108
353,1094,30,1,115,115
354,1094,20,5,78,390
355,1095,28,5,25,125
356,1096,2,5,320,1600
357,1096,6,1,58,58
358,1096,15,3,32,96
359,1097,3,1,1550,1550
360,1097,12,5,15,75
361,1097,31,4,190,760
362,1097,34,4,3,12
363,1097,29,1,240,240
364,1098,23,2,18,36
365,1098,27,3,45,135
366,1098,22,4,48,192
367,1098,21,4,40,160
368,1099,26,1,50,50
369,1099,36,3,9,27
370,1099,3,2,1550,3100
371,1100,26,1,50,50
372,1101,35,5,72,360
373,1101,30,4,115,460
374,1101,27,4,45,180
375,1101,4,1,55,55
376,1101,13,1,780,780
377,1101,34,3,3,9
378,1102,9,5,75,375
379,1102,19,2,30,60
380,1102,29,1,240,240
381,1102,32,3,165,495
382,1102,8,5,27,135
383,1103,36,1,9,9
384,1104,8,2,27,54
385,1104,30,4,115,460
386,1105,19,4,30,120
387,1105,33,5,78,390
388,1105,18,2,36,72
389,1105,27,4,45,180
390,1105,31,2,190,380
391,1105,36,5,9,45
392,1106,9,3,75,225
393,1106,5,1,22,22
394,1106,18,3,36,108
395,1106,27,3,45,135
396,1106,22,5,48,240
397,1107,32,3,165,495
398,1107,10,5,68,340
399,1107,29,2,240,480
400,1107,35,4,72,288
401,1107,31,3,190,570
402,1108,13,2,780,1560
403,1108,16,4,30,120
404,1108,37,4,50,200
405,1108,25,2,20,40
406,1108,15,4,32,128
407,1108,27,1,45,45
408,1108,3,1,1550,1550
409,1109,38,1,44,44
410,1109,22,2,48,96
411,1109,7,4,95,380
412,1109,29,1,240,240
413,1109,34,1,3,3
414,1110,40,5,26,130
415,1110,26,4,50,200
416,1110,6,3,58,174
417,1111,32,1,165,165
418,1111,35,4,72,288
419,1111,3,1,1550,1550
420,1111,5,1,22,22
421,1111,16,4,30,120
422,1111,19,2,30,60
423,1112,20,3,78,234
424,1112,2,4,320,1280
425,1112,3,1,1550,1550
426,1112,21,2,40,80
427,1112,4,5,55,275
428,1112,19,4,30,120
429,1113,12,2,15,30
430,1113,11,4,9,36
431,1113,6,5,58,290
432,1113,40,2,26,52
433,1113,25,2,20,40
434,1114,17,2,42,84
435,1114,30,1,115,115
436,1114,1,4,260,1040
437,1114,19,3,30,90
438,1115,20,4,78,312
439,1115,28,1,25,25
440,1115,17,2,42,84
441,1115,30,4,115,460
442,1115,13,2,780,1560
443,1116,19,1,30,30
444,1116,2,5,320,1600
445,1116,26,4,50,200
446,1116,18,3,36,108
447,1116,1,2,260,520
448,1117,23,1,18,18
449,1117,15,1,32,32
450,1117,13,2,780,1560
451,1117,40,4,26,104
452,1117,17,1,42,42
453,1118,24,2,92,184
454,1118,9,2,75,150
455,1118,6,2,58,116
456,1118,19,5,30,150
457,1118,21,3,40,120
458,1119,33,3,78,234
459,1119,18,1,36,36
460,1119,11,4,9,36
461,1119,17,1,42,42
462,1119,31,2,190,380
463,1120,15,5,32,160
464,1120,26,1,50,50
465,1120,36,4,9,36
466,1120,24,3,92,276
467,1120,6,3,58,174
468,1120,39,5,14,70
469,1120,1,4,260,1040
470,1121,24,4,92,368
471,1121,7,3,95,285
472,1121,15,4,32,128
473,1121,31,1,190,190
474,1121,2,2,320,640
475,1121,21,1,40,40
476,1121,38,1,44,44
477,1122,32,5,165,825
478,1122,8,2,27,54
479,1122,7,4,95,380
480,1123,24,4,92,368
481,1123,35,1,72,72
482,1123,27,4,45,180
483,1123,38,5,44,220
484,1124,18,4,36,144
485,1124,3,1,1550,1550
486,1124,24,3,92,276
487,1124,14,1,40,40
488,1125,24,1,92,92
489,1125,35,4,72,288
490,1125,23,1,18,18
491,1125,4,2,55,110
492,1125,26,5,50,250
493,1125,18,1,36,36
494,1126,9,1,75,75
495,1126,37,5,50,250
496,1127,38,3,44,132
497,1127,14,2,40,80
498,1128,39,1,14,14
499,1128,1,1,260,260
500,1128,18,2,36,72
501,1128,10,1,68,68
502,1128,9,3,75,225
503,1128,35,2,72,144
504,1128,17,5,42,210
505,1129,2,2,320,640
506,1129,12,4,15,60
507,1129,17,5,42,210
508,1130,5,4,22,88
509,1131,24,1,92,92
510,1131,33,5,78,390
511,1131,38,3,44,132
512,1131,7,4,95,380
513,1131,29,1,240,240
514,1131,39,1,14,14
515,1131,15,4,32,128
516,1132,26,5,50,250
517,1132,28,2,25,50
518,1132,7,1,95,95
519,1132,32,2,165,330
520,1132,29,2,240,480
521,1132,5,5,22,110
522,1132,6,5,58,290
523,1133,21,5,40,200
524,1133,25,5,20,100
525,1133,39,4,14,56
526,1133,34,1,3,3
527,1133,19,1,30,30
528,1134,36,4,9,36
529,1134,14,4,40,160
530,1134,28,1,25,25
531,1134,29,2,240,480
532,1134,15,4,32,128
533,1134,27,3,45,135
534,1134,22,3,48,144
535,1135,10,1,68,68
536,1135,31,1,190,190
537,1135,5,4,22,88
538,1136,24,5,92,460
539,1137,38,5,44,220
540,1138,8,1,27,27
541,1138,27,3,45,135
542,1138,23,5,18,90
543,1139,7,2,95,190
544,1139,37,4,50,200
545,1139,33,2,78,156
546,1140,7,5,95,475
547,1140,23,5,18,90
548,1140,36,5,9,45
549,1140,24,5,92,460
550,1140,8,1,27,27
551,1140,18,5,36,180
552,1140,15,3,32,96
553,1141,12,3,15,45
554,1142,23,5,18,90
555,1142,1,4,260,1040
556,1142,12,1,15,15
557,1143,2,2,320,640
558,1143,6,4,58,232
559,1144,30,3,115,345
560,1144,22,5,48,240
561,1144,11,5,9,45
562,1144,24,1,92,92
563,1145,10,5,68,340
564,1146,6,4,58,232
565,1147,28,1,25,25
566,1147,32,3,165,495
567,1147,29,2,240,480
568,1147,27,1,45,45
569,1147,18,3,36,108
570,1147,14,5,40,200
571,1148,34,5,3,15
572,1148,20,1,78,78
573,1148,3,1,1550,1550
574,1148,15,2,32,64
575,1149,9,3,75,225
576,1149,17,1,42,42
577,1150,32,2,165,330
578,1151,25,5,20,100
579,1151,35,5,72,360
580,1152,23,3,18,54
581,1152,5,5,22,110
582,1152,26,4,50,200
583,1152,3,2,1550,3100
584,1152,28,4,25,100
585,1152,2,3,320,960
586,1152,30,1,115,115
587,1153,2,3,320,960
588,1153,21,1,40,40
589,1153,11,4,9,36
590,1153,40,1,26,26
591,1154,28,5,25,125
592,1154,38,1,44,44
593,1155,20,5,78,390
594,1155,22,1,48,48
595,1155,15,5,32,160
596,1155,11,5,9,45
597,1156,23,1,18,18
598,1156,10,2,68,136
599,1157,13,1,780,780
600,1157,12,2,15,30
601,1157,39,4,14,56
602,1158,37,3,50,150
603,1158,38,2,44,88
604,1158,29,2,240,480
605,1158,40,1,26,26
606,1159,20,3,78,234
607,1159,18,4,36,144
608,1159,38,4,44,176
609,1159,4,1,55,55
610,1159,23,1,18,18
611,1159,33,3,78,234
612,1160,19,5,30,150
613,1160,5,2,22,44
614,1160,6,3,58,174
615,1160,33,5,78,390
616,1160,25,4,20,80
617,1160,30,5,115,575
618,1160,3,1,1550,1550
619,1161,29,2,240,480
620,1162,6,5,58,290
621,1162,33,5,78,390
622,1162,12,5,15,75
623,1162,3,1,1550,1550
624,1162,16,3,30,90
625,1162,29,2,240,480
626,1163,25,1,20,20
627,1163,27,3,45,135
628,1163,22,1,48,48
629,1164,7,3,95,285
630,1164,36,5,9,45
631,1164,25,2,20,40
632,1165,6,3,58,174
633,1165,38,4,44,176
634,1165,10,2,68,136
635,1166,6,5,58,290
636,1166,20,1,78,78
637,1166,36,4,9,36
638,1166,25,5,20,100
639,1166,22,3,48,144
640,1167,24,2,92,184
641,1168,22,2,48,96
642,1168,32,2,165,330
643,1169,5,5,22,110
644,1169,19,5,30,150
645,1170,34,5,3,15
646,1170,3,1,1550,1550
647,1170,22,4,48,192
648,1170,9,1,75,75
649,1170,25,4,20,80
650,1170,10,3,68,204
651,1170,11,2,9,18
652,1171,40,2,26,52
653,1171,19,3,30,90
654,1171,29,2,240,480
655,1171,15,2,32,64
656,1172,37,4,50,200
657,1172,29,2,240,480
658,1172,30,2,115,230
659,1173,13,1,780,780
660,1173,39,5,14,70
661,1173,9,1,75,75
662,1173,17,3,42,126
663,1173,4,1,55,55
664,1173,31,2,190,380
665,1173,24,3,92,276
666,1174,33,4,78,312
667,1174,10,3,68,204
668,1174,28,1,25,25
669,1174,6,4,58,232
670,1175,26,3,50,150
671,1176,25,2,20,40
672,1176,6,1,58,58
673,1177,7,1,95,95
674,1177,22,3,48,144
675,1177,10,4,68,272
676,1178,9,2,75,150
677,1178,31,2,190,380
678,1178,29,2,240,480
679,1178,1,1,260,260
680,1178,6,3,58,174
681,1178,2,2,320,640
682,1179,16,5,30,150
683,1180,5,1,22,22
684,1180,8,5,27,135
685,1180,32,5,165,825
686,1180,39,2,14,28
687,1181,10,4,68,272
688,1181,19,2,30,60
689,1181,28,1,25,25
690,1181,1,5,260,1300
691,1181,23,3,18,54
692,1181,16,1,30,30
693,1182,35,1,72,72
694,1182,33,4,78,312
695,1182,36,3,9,27
696,1182,2,3,320,960
697,1182,25,1,20,20
698,1183,5,5,22,110
699,1183,23,3,18,54
700,1183,16,2,30,60
701,1184,23,3,18,54
702,1185,12,3,15,45
703,1185,30,2,115,230
704,1185,31,1,190,190
705,1185,40,2,26,52
706,1185,9,1,75,75
707,1185,5,3,22,66
708,1185,39,3,14,42
709,1186,26,3,50,150
710,1186,35,3,72,216
711,1186,31,1,190,190
712,1186,17,3,42,126
713,1186,3,2,1550,3100
714,1187,24,4,92,368
715,1188,29,2,240,480
716,1188,25,1,20,20
717,1188,22,4,48,192
718,1188,12,1,15,15
719,1188,32,4,165,660
720,1188,36,5,9,45
721,1189,12,3,15,45
722,1189,35,4,72,288
723,1189,19,5,30,150
724,1189,21,4,40,160
725,1189,7,2,95,190
726,1189,6,4,58,232
727,1189,37,3,50,150
728,1190,3,1,1550,1550
729,1190,23,1,18,18
730,1190,40,4,26,104
731,1190,28,3,25,75
732,1191,11,2,9,18
733,1191,2,1,320,320
734,1191,10,2,68,136
735,1191,39,3,14,42
736,1191,29,2,240,480
737,1192,37,3,50,150
738,1192,3,2,1550,3100
739,1192,39,4,14,56
740,1192,10,1,68,68
741,1193,9,2,75,150
742,1193,34,1,3,3
743,1193,24,1,92,92
744,1193,26,2,50,100
745,1193,21,4,40,160
746,1194,25,5,20,100
747,1194,36,3,9,27
748,1194,8,4,27,108
749,1194,17,2,42,84
750,1194,29,1,240,240
751,1195,12,1,15,15
752,1195,29,2,240,480
753,1195,6,3,58,174
754,1195,21,2,40,80
755,1196,12,2,15,30
756,1196,24,4,92,368
757,1196,33,1,78,78
758,1196,15,3,32,96
759,1196,8,5,27,135
760,1196,13,2,780,1560
761,1197,36,3,9,27
762,1197,9,4,75,300
763,1197,40,4,26,104
764,1197,6,5,58,290
765,1198,27,1,45,45
766,1198,37,4,50,200
767,1198,5,4,22,88
768,1198,9,5,75,375
769,1199,9,2,75,150
770,1199,36,4,9,36
771,1199,38,5,44,220
772,1200,4,2,55,110
773,1200,8,3,27,81
774,1200,34,5,3,15
775,1200,10,3,68,204
776,1200,20,1,78,78
777,1200,11,3,9,27
778,1200,35,2,72,144
779,1201,36,2,9,18
780,1201,18,5,36,180
781,1201,9,5,75,375
782,1201,20,2,78,156
783,1201,35,2,72,144
784,1201,6,5,58,290
785,1202,39,5,14,70
786,1202,22,3,48,144
787,1202,37,2,50,100
788,1202,3,2,1550,3100
789,1202,2,5,320,1600
790,1202,6,1,58,58
791,1203,35,4,72,288
792,1203,19,3,30,90
793,1203,20,4,78,312
794,1203,31,1,190,190
795,1204,4,3,55,165
796,1204,11,5,9,45
797,1204,29,1,240,240
798,1204,27,3,45,135
799,1204,31,3,190,570
800,1204,30,3,115,345
801,1205,9,3,75,225
802,1205,24,2,92,184
803,1205,33,4,78,312
804,1205,36,1,9,9
805,1206,29,1,240,240
806,1206,16,3,30,90
807,1206,10,4,68,272
808,1207,40,4,26,104
809,1207,27,5,45,225
810,1207,16,4,30,120
811,1207,11,4,9,36
812,1207,21,3,40,120
813,1207,36,4,9,36
814,1207,13,1,780,780
815,1208,26,4,50,200
816,1209,14,1,40,40
817,1209,38,1,44,44
818,1210,31,2,190,380
819,1210,19,3,30,90
820,1210,35,3,72,216
821,1210,1,4,260,1040
822,1210,7,3,95,285
823,1211,26,5,50,250
824,1212,13,2,780,1560
825,1212,24,5,92,460
826,1212,36,3,9,27
827,1212,19,5,30,150
828,1212,5,5,22,110
829,1213,9,4,75,300
830,1214,22,2,48,96
831,1214,36,5,9,45
832,1214,24,5,92,460
833,1215,33,5,78,390
834,1215,3,2,1550,3100
835,1215,9,2,75,150
836,1215,22,5,48,240
837,1216,9,3,75,225
838,1216,21,5,40,200
839,1216,40,3,26,78
840,1216,11,5,9,45
841,1216,26,5,50,250
842,1217,32,3,165,495
843,1217,37,1,50,50
844,1217,20,4,78,312
845,1217,31,5,190,950
846,1217,2,3,320,960
847,1218,2,5,320,1600
848,1218,39,5,14,70
849,1218,31,4,190,760
850,1218,17,2,42,84
851,1218,15,2,32,64
852,1218,4,1,55,55
853,1218,38,5,44,220
854,1219,8,4,27,108
855,1219,13,1,780,780
856,1219,2,4,320,1280
857,1219,29,2,240,480
858,1219,21,1,40,40
859,1219,27,2,45,90
860,1220,14,3,40,120
861,1220,36,2,9,18
862,1220,21,4,40,160
863,1220,31,5,190,950
864,1220,34,3,3,9
865,1221,23,3,18,54
866,1221,17,5,42,210
867,1221,40,3,26,78
868,1221,31,2,190,380
869,1221,13,2,780,1560
870,1222,19,1,30,30
871,1222,14,5,40,200
872,1222,32,5,165,825
873,1222,21,4,40,160
874,1222,31,4,190,760
875,1222,23,3,18,54
876,1222,18,2,36,72
877,1223,3,2,1550,3100
878,1223,19,3,30,90
879,1223,6,4,58,232
880,1224,13,2,780,1560
881,1224,35,2,72,144
882,1225,40,2,26,52
883,1226,34,4,3,12
884,1226,15,1,32,32
885,1226,39,2,14,28
886,1226,4,1,55,55
887,1226,7,5,95,475
888,1226,27,2,45,90
889,1227,31,1,190,190
890,1227,13,1,780,780
891,1227,19,5,30,150
892,1227,21,2,40,80
893,1228,3,2,1550,3100
894,1228,12,1,15,15
895,1228,27,1,45,45
896,1228,26,3,50,150
897,1228,32,5,165,825
898,1229,7,4,95,380
899,1229,22,2,48,96
900,1229,19,5,30,150
901,1229,30,4,115,460
902,1229,35,3,72,216
903,1230,8,4,27,108
904,1230,22,3,48,144
905,1231,12,4,15,60
906,1231,1,4,260,1040
907,1231,22,5,48,240
908,1231,19,3,30,90
909,1231,13,1,780,780
910,1231,40,4,26,104
911,1232,7,3,95,285
912,1232,12,4,15,60
913,1232,9,2,75,150
914,1232,31,4,190,760
915,1232,21,3,40,120
916,1232,16,3,30,90
917,1233,38,3,44,132
918,1233,37,2,50,100
919,1233,1,1,260,260
920,1234,8,1,27,27
921,1234,30,3,115,345
922,1234,20,3,78,234
923,1234,11,5,9,45
924,1234,26,2,50,100
925,1234,33,2,78,156
926,1235,31,5,190,950
927,1235,10,3,68,204
928,1236,36,5,9,45
929,1236,31,1,190,190
930,1236,35,5,72,360
931,1236,14,4,40,160
932,1237,24,5,92,460
933,1237,5,2,22,44
934,1237,37,5,50,250
935,1237,8,5,27,135
936,1237,4,2,55,110
937,1238,34,5,3,15
938,1238,29,2,240,480
939,1238,8,1,27,27
940,1239,29,2,240,480
941,1239,4,5,55,275
942,1239,30,1,115,115
943,1239,9,5,75,375
944,1239,33,4,78,312
945,1240,20,1,78,78
946,1240,2,1,320,320
947,1240,26,4,50,200
948,1240,17,3,42,126
949,1240,1,1,260,260
950,1240,14,5,40,200
951,1241,5,1,22,22
952,1242,27,3,45,135
953,1242,12,4,15,60
954,1242,9,4,75,300
955,1243,25,5,20,100
956,1243,40,4,26,104
957,1243,6,5,58,290
958,1243,35,2,72,144
959,1243,9,2,75,150
960,1243,23,1,18,18
961,1243,8,1,27,27
962,1244,30,4,115,460
963,1244,35,2,72,144
964,1244,28,2,25,50
965,1245,23,1,18,18
966,1245,10,4,68,272
967,1245,18,5,36,180
968,1245,13,1,780,780
969,1246,14,5,40,200
970,1246,5,1,22,22
971,1247,4,5,55,275
972,1247,16,2,30,60
973,1247,3,1,1550,1550
974,1247,26,2,50,100
975,1247,29,2,240,480
976,1248,37,5,50,250
977,1248,21,3,40,120
978,1249,20,2,78,156
979,1249,10,4,68,272
980,1250,18,2,36,72
981,1250,4,4,55,220
982,1250,36,5,9,45
983,1251,4,4,55,220
984,1251,23,4,18,72
985,1251,25,2,20,40
986,1251,34,3,3,9
987,1252,12,3,15,45
988,1252,35,2,72,144
989,1252,31,4,190,760
990,1252,16,1,30,30
991,1253,27,3,45,135
992,1253,36,2,9,18
993,1253,34,3,3,9
994,1253,9,1,75,75
995,1253,25,4,20,80
996,1254,24,5,92,460
997,1254,6,1,58,58
998,1254,35,1,72,72
999,1254,13,1,780,780
1000,1254,4,5,55,275
1001,1254,18,5,36,180
1002,1254,25,2,20,40
1003,1255,14,2,40,80
1004,1255,22,1,48,48
1005,1255,20,4,78,312
1006,1255,1,2,260,520
1007,1256,39,4,14,56
1008,1256,14,4,40,160
1009,1256,26,5,50,250
1010,1256,16,3,30,90
1011,1256,36,3,9,27
1012,1256,21,3,40,120
1013,1257,33,4,78,312
1014,1257,32,3,165,495
1015,1257,30,2,115,230
1016,1258,27,2,45,90
1017,1258,3,1,1550,1550
1018,1258,37,3,50,150
1019,1259,38,2,44,88
1020,1259,27,4,45,180
1021,1259,19,5,30,150
1022,1259,10,2,68,136
1023,1259,13,2,780,1560
1024,1260,22,2,48,96
1025,1260,17,2,42,84
1026,1260,32,5,165,825
1027,1260,30,4,115,460
1028,1260,11,2,9,18
1029,1261,4,2,55,110
1030,1261,34,2,3,6
1031,1261,3,1,1550,1550
1032,1261,5,2,22,44
1033,1261,1,1,260,260
1034,1262,33,1,78,78
1035,1262,30,5,115,575
1036,1263,40,4,26,104
1037,1263,31,1,190,190
1038,1263,32,1,165,165
1039,1263,2,5,320,1600
1040,1263,1,3,260,780
1041,1263,35,5,72,360
1042,1264,2,1,320,320
1043,1264,33,1,78,78
1044,1264,28,5,25,125
1045,1265,16,5,30,150
1046,1265,13,2,780,1560
1047,1266,23,2,18,36
1048,1266,18,2,36,72
1049,1266,26,3,50,150
1050,1266,6,1,58,58
1051,1266,24,1,92,92
1052,1266,38,1,44,44
1053,1266,30,4,115,460
1054,1267,25,2,20,40
1055,1267,36,1,9,9
1056,1267,31,4,190,760
1057,1267,4,4,55,220
1058,1268,22,4,48,192
1059,1268,37,3,50,150
1060,1268,7,1,95,95
1061,1268,34,1,3,3
1062,1268,3,2,1550,3100
1063,1268,15,5,32,160
1064,1268,14,5,40,200
1065,1269,3,1,1550,1550
1066,1269,12,3,15,45
1067,1269,21,2,40,80
1068,1269,2,5,320,1600
1069,1269,14,2,40,80
1070,1269,10,5,68,340
1071,1270,25,1,20,20
1072,1270,35,1,72,72
1073,1270,22,4,48,192
1074,1270,40,2,26,52
1075,1270,9,1,75,75
1076,1270,6,3,58,174
1077,1270,33,5,78,390
1078,1271,40,2,26,52
1079,1271,39,3,14,42
1080,1271,26,5,50,250
1081,1271,21,4,40,160
1082,1271,2,4,320,1280
1083,1271,18,2,36,72
1084,1271,29,2,240,480
1085,1272,40,2,26,52
1086,1273,5,3,22,66
1087,1273,6,3,58,174
1088,1273,18,1,36,36
1089,1273,10,1,68,68
1090,1273,25,1,20,20
1091,1273,37,3,50,150
1092,1274,24,2,92,184
1093,1274,18,4,36,144
1094,1274,7,4,95,380
1095,1274,9,5,75,375
1096,1275,33,5,78,390
1097,1275,27,1,45,45
1098,1275,7,5,95,475
1099,1275,2,5,320,1600
1100,1275,6,3,58,174
1101,1276,25,5,20,100
1102,1276,1,2,260,520
1103,1276,19,4,30,120
1104,1276,27,2,45,90
1105,1276,40,2,26,52
1106,1276,6,3,58,174
1107,1276,16,3,30,90
1108,1277,32,4,165,660
1109,1277,10,3,68,204
1110,1277,5,4,22,88
1111,1278,31,2,190,380
1112,1278,5,4,22,88
1113,1278,24,5,92,460
1114,1279,13,2,780,1560
1115,1279,30,3,115,345
1116,1279,7,5,95,475
1117,1279,9,4,75,300
1118,1279,20,3,78,234
1119,1280,22,3,48,144
1120,1280,28,5,25,125
1121,1280,39,2,14,28
1122,1280,9,4,75,300
1123,1281,26,4,50,200
1124,1281,21,5,40,200
1125,1282,16,2,30,60
1126,1282,21,5,40,200
1127,1282,25,5,20,100
1128,1282,18,2,36,72
1129,1282,26,5,50,250
1130,1282,24,1,92,92
1131,1282,8,4,27,108
1132,1283,14,3,40,120
1133,1283,29,1,240,240
1134,1283,19,3,30,90
1135,1283,5,2,22,44
1136,1283,27,4,45,180
1137,1283,32,4,165,660
1138,1284,29,2,240,480
1139,1285,26,5,50,250
1140,1285,35,5,72,360
1141,1285,33,1,78,78
1142,1285,27,1,45,45
1143,1285,3,1,1550,1550
1144,1286,23,1,18,18
1145,1286,11,1,9,9
1146,1286,3,1,1550,1550
1147,1286,37,3,50,150
1148,1286,26,2,50,100
1149,1286,22,5,48,240
1150,1287,34,4,3,12
1151,1287,36,4,9,36
1152,1287,38,5,44,220
1153,1287,37,5,50,250
1154,1287,15,2,32,64
1155,1287,29,2,240,480
1156,1288,31,3,190,570
1157,1289,6,3,58,174
1158,1289,8,4,27,108
1159,1289,10,2,68,136
1160,1289,23,5,18,90
1161,1290,23,3,18,54
1162,1290,31,1,190,190
1163,1290,7,3,95,285
1164,1290,29,1,240,240
1165,1291,22,2,48,96
1166,1292,16,4,30,120
1167,1292,34,4,3,12
1168,1292,12,2,15,30
1169,1292,36,4,9,36
1170,1292,11,2,9,18
1171,1292,22,2,48,96
1172,1293,28,1,25,25
1173,1293,26,2,50,100
1174,1293,2,2,320,640
1175,1293,13,2,780,1560
1176,1293,29,1,240,240
1177,1293,40,5,26,130
1178,1294,35,3,72,216
1179,1295,13,2,780,1560
1180,1295,30,5,115,575
1181,1295,8,3,27,81
1182,1296,25,3,20,60
1183,1296,40,4,26,104
1184,1296,26,5,50,250
1185,1296,38,2,44,88
1186,1296,8,3,27,81
1187,1297,38,3,44,132
1188,1297,6,1,58,58
1189,1297,9,2,75,150
1190,1297,21,3,40,120
1191,1297,8,2,27,54
1192,1298,25,4,20,80
1193,1298,27,2,45,90
1194,1298,39,4,14,56
1195,1298,9,5,75,375
1196,1298,37,2,50,100
1197,1299,11,4,9,36
1198,1299,32,5,165,825
1199,1299,19,1,30,30
1200,1299,9,3,75,225
1201,1299,12,1,15,15
1202,1300,9,4,75,300
1203,1300,13,2,780,1560
1204,1300,25,4,20,80
1205,1300,36,4,9,36
1206,1301,29,1,240,240
1207,1301,32,3,165,495
1208,1301,11,2,9,18
1209,1301,6,5,58,290
1210,1301,2,3,320,960
1211,1301,15,2,32,64
1212,1302,30,5,115,575
1213,1302,37,3,50,150
1214,1302,32,5,165,825
1215,1302,36,1,9,9
1216,1302,33,4,78,312
1217,1302,8,5,27,135
1218,1302,35,2,72,144
1219,1303,7,3,95,285
1220,1303,16,3,30,90
1221,1303,20,1,78,78
1222,1303,3,2,1550,3100
1223,1304,8,2,27,54
1224,1304,16,1,30,30
1225,1304,14,5,40,200
1226,1304,23,3,18,54
1227,1304,28,5,25,125
1228,1304,11,3,9,27
1229,1304,9,5,75,375
1230,1305,11,1,9,9
1231,1305,21,2,40,80
1232,1305,19,4,30,120
1233,1305,37,1,50,50
1234,1305,18,3,36,108
1235,1306,9,2,75,150
1236,1306,40,5,26,130
1237,1306,16,3,30,90
1238,1306,10,4,68,272
1239,1306,21,4,40,160
1240,1306,38,4,44,176
1241,1306,26,1,50,50
1242,1307,6,3,58,174
1243,1307,26,5,50,250
1244,1307,33,1,78,78
1245,1307,18,1,36,36
1246,1307,24,4,92,368
1247,1307,30,3,115,345
1248,1308,35,3,72,216
1249,1308,26,3,50,150
1250,1308,14,5,40,200
1251,1308,28,5,25,125
1252,1308,38,2,44,88
1253,1308,32,5,165,825
1254,1308,18,4,36,144
1255,1309,22,4,48,192
1256,1309,4,4,55,220
1257,1309,3,1,1550,1550
1258,1309,7,4,95,380
1259,1309,30,2,115,230
1260,1309,2,2,320,640
1261,1309,8,3,27,81
1262,1310,18,3,36,108
1263,1310,6,1,58,58
1264,1311,11,2,9,18
1265,1311,4,4,55,220
1266,1311,26,1,50,50
1267,1312,7,2,95,190
1268,1312,1,5,260,1300
1269,1312,14,4,40,160
1270,1312,31,1,190,190
1271,1312,5,1,22,22
1272,1312,9,3,75,225
1273,1313,8,1,27,27
1274,1313,28,1,25,25
1275,1313,9,3,75,225
1276,1313,31,3,190,570
1277,1313,5,3,22,66
1278,1313,15,2,32,64
1279,1313,25,4,20,80
1280,1314,9,2,75,150
1281,1314,10,2,68,136
1282,1314,5,4,22,88
1283,1314,34,5,3,15
1284,1314,1,4,260,1040
1285,1314,11,2,9,18
1286,1314,29,1,240,240
1287,1315,9,5,75,375
1288,1316,25,1,20,20
1289,1316,23,2,18,36
1290,1316,28,5,25,125
1291,1316,21,5,40,200
1292,1316,9,5,75,375
1293,1316,16,5,30,150
1294,1317,2,5,320,1600
1295,1317,20,5,78,390
1296,1317,14,2,40,80
1297,1318,26,2,50,100
1298,1318,19,4,30,120
1299,1318,4,5,55,275
1300,1318,16,1,30,30
1301,1318,32,5,165,825
1302,1318,25,1,20,20
1303,1319,21,4,40,160
1304,1319,9,3,75,225
1305,1319,25,5,20,100
1306,1320,12,2,15,30
1307,1320,31,1,190,190
1308,1320,5,1,22,22
1309,1320,2,4,320,1280
1310,1320,38,5,44,220
1311,1320,1,3,260,780
1312,1321,33,5,78,390
1313,1321,27,2,45,90
1314,1321,28,3,25,75
1315,1321,26,1,50,50
1316,1321,6,3,58,174
1317,1321,35,1,72,72
1318,1322,14,1,40,40
1319,1322,10,3,68,204
1320,1322,35,4,72,288
1321,1322,21,2,40,80
1322,1322,26,1,50,50
1323,1323,6,4,58,232
1324,1323,28,5,25,125
1325,1324,4,1,55,55
1326,1324,20,2,78,156
1327,1324,12,4,15,60
1328,1324,8,3,27,81
1329,1324,1,5,260,1300
1330,1325,17,4,42,168
1331,1325,11,3,9,27
1332,1325,24,5,92,460
1333,1325,9,1,75,75
1334,1325,18,3,36,108
1335,1325,8,5,27,135
1336,1325,2,1,320,320
1337,1326,30,5,115,575
1338,1326,33,2,78,156
1339,1326,24,3,92,276
1340,1326,4,2,55,110
1341,1327,7,5,95,475
1342,1327,37,1,50,50
1343,1327,8,1,27,27
1344,1328,1,1,260,260
1345,1328,16,5,30,150
1346,1328,3,2,1550,3100
1347,1328,31,2,190,380
1348,1328,24,3,92,276
1349,1328,25,2,20,40
1350,1328,10,4,68,272
1351,1329,21,1,40,40
1352,1329,18,2,36,72
1353,1329,5,2,22,44
1354,1329,37,5,50,250
1355,1329,24,1,92,92
1356,1329,8,4,27,108
1357,1330,30,3,115,345
1358,1331,6,3,58,174
1359,1331,36,2,9,18
1360,1331,30,3,115,345
1361,1332,20,4,78,312
1362,1332,40,2,26,52
1363,1332,16,5,30,150
1364,1332,30,2,115,230
1365,1332,24,2,92,184
1366,1333,27,2,45,90
1367,1334,23,2,18,36
1368,1334,1,5,260,1300
1369,1334,22,2,48,96
1370,1334,25,4,20,80
1371,1334,20,4,78,312
1372,1335,10,1,68,68
1373,1336,15,4,32,128
1374,1337,30,5,115,575
1375,1337,6,2,58,116
1376,1337,38,4,44,176
1377,1338,38,1,44,44
1378,1339,9,4,75,300
1379,1339,16,3,30,90
1380,1339,19,3,30,90
1381,1339,17,4,42,168
1382,1340,15,5,32,160
1383,1340,5,1,22,22
1384,1340,13,1,780,780
1385,1341,11,4,9,36
1386,1342,27,2,45,90
1387,1342,8,4,27,108
1388,1342,35,3,72,216
1389,1343,17,5,42,210
1390,1343,8,1,27,27
1391,1343,6,2,58,116
1392,1343,11,3,9,27
1393,1344,6,4,58,232
1394,1344,16,5,30,150
1395,1345,20,2,78,156
1396,1346,26,5,50,250
1397,1347,36,1,9,9
1398,1347,16,1,30,30
1399,1347,7,2,95,190
1400,1347,30,2,115,230
1401,1347,38,2,44,88
1402,1347,9,4,75,300
1403,1348,6,1,58,58
1404,1348,38,1,44,44
1405,1348,17,2,42,84
1406,1349,29,1,240,240
1407,1349,9,2,75,150
1408,1349,6,5,58,290
1409,1349,22,4,48,192
1410,1349,8,4,27,108
1411,1349,3,2,1550,3100
1412,1350,28,3,25,75
1413,1350,12,3,15,45
1414,1350,23,4,18,72
1415,1350,14,2,40,80
1416,1351,40,5,26,130
1417,1352,19,5,30,150
1418,1352,32,4,165,660
1419,1353,6,4,58,232
1420,1354,27,2,45,90
1421,1354,13,1,780,780
1422,1355,23,5,18,90
1423,1355,31,5,190,950
1424,1355,35,3,72,216
1425,1355,32,4,165,660
1426,1356,12,2,15,30
1427,1356,2,1,320,320
1428,1356,21,3,40,120
1429,1357,31,3,190,570
1430,1358,11,2,9,18
1431,1358,7,3,95,285
1432,1359,4,2,55,110
1433,1359,15,2,32,64
1434,1359,37,5,50,250
1435,1359,25,3,20,60
1436,1359,23,3,18,54
1437,1360,2,5,320,1600
1438,1360,23,3,18,54
1439,1360,37,2,50,100
1440,1360,10,4,68,272
1441,1360,13,1,780,780
1442,1361,4,5,55,275
1443,1362,2,1,320,320
1444,1362,34,3,3,9
1445,1363,13,1,780,780
1446,1363,9,2,75,150
1447,1363,22,5,48,240
1448,1363,12,2,15,30
1449,1363,21,1,40,40
1450,1364,34,3,3,9
1451,1364,24,2,92,184
1452,1364,5,2,22,44
1453,1364,39,4,14,56
1454,1364,26,4,50,200
1455,1364,7,3,95,285
1456,1364,22,2,48,96
1457,1365,36,2,9,18
1458,1365,23,2,18,36
1459,1365,15,1,32,32
1460,1365,12,5,15,75
1461,1365,25,4,20,80
1462,1365,20,5,78,390
1463,1366,12,3,15,45
1464,1367,40,2,26,52
1465,1367,15,3,32,96
1466,1367,37,3,50,150
1467,1367,7,2,95,190
1468,1367,32,1,165,165
1469,1367,10,3,68,204
1470,1367,22,4,48,192
1471,1368,17,2,42,84
1472,1369,5,4,22,88
1473,1369,23,4,18,72
1474,1369,17,2,42,84
1475,1369,7,4,95,380
1476,1369,1,4,260,1040
1477,1369,4,4,55,220
1478,1370,35,5,72,360
1479,1370,25,2,20,40
1480,1370,7,2,95,190
1481,1371,5,3,22,66
1482,1371,3,1,1550,1550
1483,1371,19,1,30,30
1484,1371,2,3,320,960
1485,1372,25,5,20,100
1486,1372,11,1,9,9
1487,1373,39,4,14,56
1488,1373,40,2,26,52
1489,1373,31,5,190,950
1490,1374,11,2,9,18
1491,1374,4,4,55,220
1492,1374,7,5,95,475
1493,1374,22,5,48,240
1494,1375,19,1,30,30
1495,1375,20,4,78,312
1496,1375,16,5,30,150
1497,1376,32,1,165,165
1498,1376,10,3,68,204
1499,1376,4,5,55,275
1500,1376,24,4,92,368
1501,1376,1,2,260,520
1502,1377,2,2,320,640
1503,1378,19,4,30,120
1504,1378,6,3,58,174
1505,1378,31,1,190,190
1506,1378,8,5,27,135
1507,1378,20,4,78,312
1508,1378,26,2,50,100
1509,1379,25,1,20,20
1510,1379,24,3,92,276
1511,1379,12,4,15,60
1512,1380,17,2,42,84
1513,1380,15,1,32,32
1514,1380,18,1,36,36
1515,1380,37,3,50,150
1516,1381,35,4,72,288
1517,1381,27,5,45,225
1518,1381,38,4,44,176
1519,1381,15,5,32,160
1520,1381,36,2,9,18
1521,1381,4,4,55,220
1522,1381,25,3,20,60
1523,1382,3,1,1550,1550
1524,1382,33,2,78,156
1525,1382,37,2,50,100
1526,1382,34,2,3,6
1527,1382,10,1,68,68
1528,1382,8,4,27,108
1529,1382,29,1,240,240
1530,1383,28,4,25,100
1531,1383,13,2,780,1560
1532,1383,10,5,68,340
1533,1383,17,3,42,126
1534,1383,21,3,40,120
1535,1383,5,5,22,110
1536,1384,1,1,260,260
1537,1384,40,4,26,104
1538,1384,38,2,44,88
1539,1384,34,2,3,6
1540,1385,38,4,44,176
1541,1385,7,3,95,285
1542,1385,37,4,50,200
1543,1385,19,4,30,120
1544,1385,35,5,72,360
1545,1386,31,5,190,950
1546,1386,3,2,1550,3100
1547,1386,12,1,15,15
1548,1386,18,4,36,144
1549,1386,26,3,50,150
1550,1387,16,3,30,90
1551,1387,4,3,55,165
1552,1387,31,3,190,570
1553,1387,18,4,36,144
1554,1387,24,1,92,92
1555,1387,2,2,320,640
1556,1388,20,3,78,234
1557,1388,29,2,240,480
1558,1389,6,5,58,290
1559,1389,13,2,780,1560
1560,1389,29,1,240,240
1561,1389,14,5,40,200
1562,1389,27,2,45,90
1563,1390,20,4,78,312
1564,1391,34,2,3,6
1565,1391,37,2,50,100
1566,1392,13,2,780,1560
1567,1392,4,3,55,165
1568,1392,16,4,30,120
1569,1392,3,2,1550,3100
1570,1392,30,1,115,115
1571,1392,39,1,14,14
1572,1392,24,2,92,184
1573,1393,32,4,165,660
1574,1393,39,5,14,70
1575,1393,29,2,240,480
1576,1394,11,1,9,9
1577,1394,17,4,42,168
1578,1394,6,1,58,58
1579,1395,37,2,50,100
1580,1395,14,2,40,80
1581,1396,27,4,45,180
1582,1396,33,2,78,156
1583,1396,2,2,320,640
1584,1397,1,4,260,1040
1585,1397,15,4,32,128
1586,1397,17,3,42,126
1587,1397,39,4,14,56
1588,1397,20,3,78,234
1589,1398,30,5,115,575
1590,1398,20,4,78,312
1591,1399,24,4,92,368
1592,1399,36,1,9,9
1593,1399,39,3,14,42
1594,1399,19,3,30,90
1595,1399,20,3,78,234
1596,1400,18,5,36,180
1597,1400,17,4,42,168
1598,1400,20,3,78,234
1599,1400,13,1,780,780
1600,1400,10,1,68,68
1601,1400,34,4,3,12
1602,1400,16,3,30,90
1603,1401,27,5,45,225
1604,1401,26,5,50,250
1605,1401,25,2,20,40
1606,1402,15,5,32,160
1607,1402,35,3,72,216
1608,1402,31,2,190,380
1609,1403,36,2,9,18
1610,1403,12,3,15,45
1611,1403,19,1,30,30
1612,1403,7,2,95,190
1613,1403,31,3,190,570
1614,1403,9,2,75,150
1615,1403,17,3,42,126
1616,1404,22,4,48,192
1617,1404,24,1,92,92
1618,1404,17,4,42,168
1619,1404,38,1,44,44
1620,1405,38,5,44,220
1621,1405,40,3,26,78
1622,1405,5,4,22,88
1623,1405,31,1,190,190
1624,1405,13,1,780,780
1625,1405,33,2,78,156
1626,1405,8,2,27,54
1627,1406,27,3,45,135
1628,1406,37,2,50,100
1629,1406,30,1,115,115
1630,1407,22,4,48,192
1631,1407,12,3,15,45
1632,1407,21,2,40,80
1633,1407,4,2,55,110
1634,1408,11,4,9,36
1635,1408,32,4,165,660
1636,1408,6,4,58,232
1637,1408,9,4,75,300
1638,1408,40,4,26,104
1639,1409,3,1,1550,1550
1640,1410,24,2,92,184
1641,1410,1,2,260,520
1642,1410,21,3,40,120
1643,1410,34,3,3,9
1644,1410,13,1,780,780
1645,1410,2,1,320,320
1646,1411,33,1,78,78
1647,1411,38,3,44,132
1648,1411,20,3,78,234
1649,1411,11,4,9,36
1650,1412,34,4,3,12
1651,1412,39,3,14,42
1652,1412,40,2,26,52
1653,1412,22,2,48,96
1654,1412,28,4,25,100
1655,1412,9,1,75,75
1656,1413,15,1,32,32
1657,1413,9,5,75,375
1658,1414,11,5,9,45
1659,1414,8,5,27,135
1660,1414,24,1,92,92
1661,1414,3,1,1550,1550
1662,1414,25,1,20,20
1663,1415,2,5,320,1600
1664,1415,4,3,55,165
1665,1415,8,4,27,108
1666,1415,27,2,45,90
1667,1415,29,1,240,240
1668,1415,25,1,20,20
1669,1416,27,5,45,225
1670,1416,7,5,95,475
1671,1416,34,2,3,6
1672,1417,7,1,95,95
1673,1417,33,1,78,78
1674,1417,40,4,26,104
1675,1417,8,2,27,54
1676,1418,13,1,780,780
1677,1418,17,1,42,42
1678,1418,34,5,3,15
1679,1418,23,4,18,72
1680,1418,27,2,45,90
1681,1419,31,5,190,950
1682,1419,22,4,48,192
1683,1419,16,2,30,60
1684,1419,1,1,260,260
1685,1419,37,5,50,250
1686,1419,6,1,58,58
1687,1420,15,2,32,64
1688,1420,30,1,115,115
1689,1420,19,3,30,90
1690,1420,17,3,42,126
1691,1420,39,3,14,42
1692,1420,4,4,55,220
1693,1421,8,3,27,81
1694,1421,7,4,95,380
1695,1421,3,2,1550,3100
1696,1421,1,1,260,260
1697,1421,9,3,75,225
1698,1421,11,3,9,27
1699,1422,8,4,27,108
1700,1422,26,3,50,150
1701,1423,25,1,20,20
1702,1423,31,4,190,760
1703,1423,27,5,45,225
1704,1423,11,4,9,36
1705,1423,8,5,27,135
1706,1423,9,4,75,300
1707,1423,4,2,55,110
1708,1424,25,4,20,80
1709,1424,23,1,18,18
1710,1424,40,4,26,104
1711,1424,2,4,320,1280
1712,1424,9,1,75,75
1713,1425,17,1,42,42
1714,1426,34,5,3,15
1715,1426,37,1,50,50
1716,1426,39,4,14,56
1717,1426,15,2,32,64
1718,1426,22,4,48,192
1719,1426,40,3,26,78
1720,1427,25,4,20,80
1721,1427,10,4,68,272
1722,1427,36,2,9,18
1723,1427,4,1,55,55
1724,1427,1,4,260,1040
1725,1427,11,3,9,27
1726,1428,22,5,48,240
1727,1428,18,2,36,72
1728,1429,25,5,20,100
1729,1429,26,4,50,200
1730,1429,16,1,30,30
1731,1429,6,4,58,232
1732,1429,30,4,115,460
1733,1430,8,4,27,108
1734,1430,32,4,165,660
1735,1430,2,1,320,320
1736,1431,36,5,9,45
1737,1431,1,5,260,1300
1738,1431,6,2,58,116
1739,1431,39,4,14,56
1740,1431,40,3,26,78
1741,1432,4,5,55,275
1742,1432,15,5,32,160
1743,1432,30,5,115,575
1744,1433,24,1,92,92
1745,1433,29,2,240,480
1746,1433,8,3,27,81
1747,1433,7,3,95,285
1748,1434,34,2,3,6
1749,1434,24,4,92,368
1750,1434,7,1,95,95
1751,1434,3,2,1550,3100
1752,1434,11,5,9,45
1753,1435,13,1,780,780
1754,1435,8,4,27,108
1755,1436,13,1,780,780
1756,1436,22,4,48,192
1757,1436,7,1,95,95
1758,1436,27,5,45,225
1759,1436,3,1,1550,1550
1760,1436,8,5,27,135
1761,1436,29,2,240,480
1762,1437,38,5,44,220
1763,1437,31,5,190,950
1764,1437,33,3,78,234
1765,1437,12,5,15,75
1766,1437,37,4,50,200
1767,1437,9,4,75,300
1768,1437,7,5,95,475
1769,1438,16,2,30,60
1770,1438,18,4,36,144
1771,1438,26,5,50,250
1772,1438,22,5,48,240
1773,1438,19,3,30,90
1774,1438,29,2,240,480
1775,1439,36,2,9,18
1776,1439,14,5,40,200
1777,1439,13,2,780,1560
1778,1439,39,1,14,14
1779,1439,19,3,30,90
1780,1439,23,5,18,90
1781,1440,38,4,44,176
1782,1440,37,1,50,50
1783,1440,27,5,45,225
1784,1440,35,1,72,72
1785,1441,25,1,20,20
1786,1442,4,1,55,55
1787,1442,13,2,780,1560
1788,1442,18,2,36,72
1789,1442,11,5,9,45
1790,1442,19,1,30,30
1791,1442,17,3,42,126
1792,1443,29,2,240,480
1793,1443,7,1,95,95
1794,1443,36,4,9,36
1795,1443,15,4,32,128
1796,1443,38,4,44,176
1797,1443,25,3,20,60
1798,1443,16,5,30,150
1799,1444,17,5,42,210
1800,1445,29,1,240,240
1801,1445,15,1,32,32
1802,1445,24,2,92,184
1803,1445,35,2,72,144
1804,1445,13,1,780,780
1805,1445,36,4,9,36
1806,1445,19,1,30,30
1807,1446,18,5,36,180
1808,1446,36,3,9,27
1809,1446,17,1,42,42
1810,1446,9,3,75,225
1811,1447,10,5,68,340
1812,1447,3,2,1550,3100
1813,1447,21,4,40,160
1814,1447,39,5,14,70
1815,1448,23,5,18,90
1816,1448,5,1,22,22
1817,1448,21,5,40,200
1818,1448,34,2,3,6
1819,1448,15,4,32,128
1820,1449,35,3,72,216
1821,1449,26,3,50,150
1822,1449,6,3,58,174
1823,1449,23,3,18,54
1824,1449,15,2,32,64
1825,1450,40,2,26,52
1826,1450,34,5,3,15
1827,1450,31,5,190,950
1828,1450,36,2,9,18
1829,1450,1,1,260,260
1830,1450,8,3,27,81
1831,1450,23,4,18,72
1832,1451,8,5,27,135
1833,1451,25,5,20,100
1834,1451,17,4,42,168
1835,1451,35,4,72,288
1836,1451,19,1,30,30
1837,1451,2,3,320,960
1838,1451,34,2,3,6
1839,1452,6,2,58,116
1840,1452,7,2,95,190
1841,1452,11,4,9,36
1842,1452,35,1,72,72
1843,1452,1,2,260,520
1844,1453,28,1,25,25
1845,1453,5,1,22,22
1846,1453,10,1,68,68
1847,1453,2,1,320,320
1848,1453,30,2,115,230
1849,1454,17,4,42,168
1850,1454,36,4,9,36
1851,1454,5,4,22,88
1852,1454,37,3,50,150
1853,1454,15,1,32,32
1854,1454,40,4,26,104
1855,1454,27,1,45,45
1856,1455,1,3,260,780
1857,1455,40,5,26,130
1858,1455,5,1,22,22
1859,1455,38,3,44,132
1860,1455,3,2,1550,3100
1861,1456,6,4,58,232
1862,1456,19,2,30,60
1863,1456,29,1,240,240
1864,1456,25,2,20,40
1865,1456,26,4,50,200
1866,1457,35,1,72,72
1867,1457,19,1,30,30
1868,1457,10,5,68,340
1869,1457,20,5,78,390
1870,1457,24,4,92,368
1871,1457,1,5,260,1300
1872,1457,38,5,44,220
1873,1458,20,3,78,234
1874,1459,27,2,45,90
1875,1459,33,2,78,156
1876,1460,40,1,26,26
1877,1460,17,2,42,84
1878,1461,37,1,50,50
1879,1461,4,3,55,165
1880,1461,36,1,9,9
1881,1461,30,2,115,230
1882,1461,38,5,44,220
1883,1461,5,4,22,88
1884,1462,9,5,75,375
1885,1462,16,1,30,30
1886,1462,7,2,95,190
1887,1463,32,3,165,495
1888,1463,29,1,240,240
1889,1463,22,5,48,240
1890,1464,24,2,92,184
1891,1464,21,2,40,80
1892,1464,28,4,25,100
1893,1464,11,3,9,27
1894,1464,1,3,260,780
1895,1465,22,4,48,192
1896,1465,31,3,190,570
1897,1466,20,5,78,390
1898,1466,32,2,165,330
1899,1466,36,3,9,27
1900,1466,7,1,95,95
1901,1466,12,1,15,15
1902,1466,6,1,58,58
1903,1466,18,5,36,180
1904,1467,2,3,320,960
1905,1467,38,5,44,220
1906,1467,39,5,14,70
1907,1467,26,4,50,200
1908,1467,14,2,40,80
1909,1467,3,2,1550,3100
1910,1468,15,5,32,160
1911,1468,38,5,44,220
1912,1468,19,1,30,30
1913,1468,9,4,75,300
1914,1469,33,2,78,156
1915,1469,1,5,260,1300
1916,1469,16,2,30,60
1917,1470,11,3,9,27
1918,1470,12,1,15,15
1919,1470,37,2,50,100
1920,1470,10,4,68,272
1921,1471,5,2,22,44
1922,1471,17,1,42,42
1923,1472,34,4,3,12
1924,1472,24,4,92,368
1925,1473,3,1,1550,1550
1926,1474,34,3,3,9
1927,1474,18,5,36,180
1928,1474,17,1,42,42
1929,1474,35,5,72,360
1930,1474,12,3,15,45
1931,1474,25,4,20,80
1932,1475,34,3,3,9
1933,1475,26,4,50,200
1934,1476,31,1,190,190
1935,1476,39,5,14,70
1936,1476,1,3,260,780
1937,1476,33,2,78,156
1938,1476,9,2,75,150
1939,1476,29,1,240,240
1940,1476,11,2,9,18
1941,1477,39,3,14,42
1942,1477,8,1,27,27
1943,1477,15,4,32,128
1944,1478,31,1,190,190
1945,1478,40,2,26,52
1946,1478,14,5,40,200
1947,1478,11,5,9,45
1948,1478,27,2,45,90
1949,1478,2,2,320,640
1950,1479,33,2,78,156
1951,1479,3,2,1550,3100
1952,1479,37,5,50,250
1953,1479,10,5,68,340
1954,1479,4,1,55,55
1955,1479,11,3,9,27
1956,1480,14,5,40,200
1957,1481,31,2,190,380
1958,1481,11,5,9,45
1959,1481,15,2,32,64
1960,1481,27,5,45,225
1961,1482,33,4,78,312
1962,1482,17,4,42,168
1963,1482,11,2,9,18
1964,1482,22,1,48,48
1965,1482,30,1,115,115
1966,1482,5,2,22,44
1967,1483,33,4,78,312
1968,1483,27,5,45,225
1969,1483,10,5,68,340
1970,1483,39,1,14,14
1971,1483,7,5,95,475
1972,1484,8,1,27,27
1973,1484,6,4,58,232
1974,1484,31,5,190,950
1975,1484,9,4,75,300
1976,1484,39,3,14,42
1977,1485,34,2,3,6
1978,1486,31,4,190,760
1979,1486,25,2,20,40
1980,1486,23,1,18,18
1981,1486,37,3,50,150
1982,1486,7,5,95,475
1983,1486,28,5,25,125
1984,1486,9,4,75,300
1985,1487,13,1,780,780
1986,1487,1,5,260,1300
1987,1487,37,1,50,50
1988,1488,14,2,40,80
1989,1488,21,4,40,160
1990,1488,27,5,45,225
1991,1488,24,3,92,276
1992,1489,35,5,72,360
1993,1489,28,3,25,75
1994,1489,37,4,50,200
1995,1490,14,5,40,200
1996,1490,27,4,45,180
1997,1490,36,3,9,27
1998,1490,38,3,44,132
1999,1490,31,5,190,950
2000,1490,12,3,15,45
2001,1490,24,4,92,368
2002,1491,9,5,75,375
2003,1491,8,4,27,108
2004,1491,15,3,32,96
2005,1491,29,1,240,240
2006,1491,11,2,9,18
2007,1491,7,4,95,380
2008,1492,1,3,260,780
2009,1492,6,2,58,116
2010,1492,10,3,68,204
2011,1492,31,1,190,190
2012,1492,28,5,25,125
2013,1492,39,1,14,14
2014,1493,25,4,20,80
2015,1493,26,1,50,50
2016,1493,34,2,3,6
2017,1493,19,5,30,150
2018,1493,4,3,55,165
2019,1493,12,2,15,30
2020,1494,39,5,14,70
2021,1495,15,1,32,32
2022,1495,11,3,9,27
2023,1495,3,2,1550,3100
2024,1495,24,3,92,276
2025,1495,16,4,30,120
2026,1495,1,4,260,1040
2027,1496,13,2,780,1560
2028,1496,34,5,3,15
2029,1496,1,5,260,1300
2030,1496,5,3,22,66
2031,1496,6,3,58,174
2032,1497,18,4,36,144
2033,1497,15,5,32,160
2034,1497,13,1,780,780
2035,1497,30,5,115,575
2036,1497,26,1,50,50
2037,1497,1,5,260,1300
2038,1497,17,3,42,126
2039,1498,8,5,27,135
2040,1498,33,3,78,234
2041,1498,17,4,42,168
2042,1499,16,1,30,30
2043,1499,22,4,48,192
2044,1499,30,2,115,230
2045,1499,38,2,44,88
2046,1499,2,3,320,960
2047,1499,31,4,190,760
2048,1499,8,3,27,81
2049,1500,35,4,72,288
2050,1500,1,3,260,780
2051,1500,17,1,42,42
2052,1500,16,5,30,150
2053,1500,19,2,30,60
2054,1501,21,2,40,80
2055,1501,23,2,18,36
2056,1501,14,4,40,160
2057,1501,37,2,50,100
2058,1502,16,2,30,60
2059,1502,17,2,42,84
2060,1503,16,1,30,30
2061,1503,23,5,18,90
2062,1503,10,1,68,68
2063,1503,7,4,95,380
2064,1503,8,3,27,81
2065,1503,6,5,58,290
2066,1503,32,3,165,495
2067,1504,37,3,50,150
2068,1504,18,4,36,144
2069,1504,32,2,165,330
2070,1504,12,5,15,75
2071,1505,4,4,55,220
2072,1505,34,5,3,15
2073,1506,33,4,78,312
2074,1507,12,2,15,30
2075,1507,30,4,115,460
2076,1507,8,5,27,135
2077,1507,34,1,3,3
2078,1507,39,3,14,42
2079,1507,21,3,40,120
2080,1507,1,5,260,1300
2081,1508,17,3,42,126
2082,1508,12,3,15,45
2083,1508,36,2,9,18
2084,1508,40,4,26,104
2085,1508,16,4,30,120
2086,1508,18,2,36,72
2087,1508,31,4,190,760
2088,1509,24,2,92,184
2089,1509,40,5,26,130
2090,1509,26,2,50,100
2091,1509,18,1,36,36
2092,1509,29,2,240,480
2093,1509,12,2,15,30
2094,1510,28,2,25,50
2095,1510,25,4,20,80
2096,1510,13,2,780,1560
2097,1510,10,2,68,136
2098,1510,31,5,190,950
2099,1511,21,1,40,40
2100,1511,32,4,165,660
2101,1511,20,1,78,78
2102,1511,17,2,42,84
2103,1511,36,1,9,9
2104,1512,17,4,42,168
2105,1512,31,3,190,570
2106,1513,24,1,92,92
2107,1513,36,4,9,36
2108,1513,17,1,42,42
2109,1514,39,5,14,70
2110,1514,13,1,780,780
2111,1514,37,3,50,150
2112,1515,21,1,40,40
2113,1515,33,4,78,312
2114,1515,32,5,165,825
2115,1516,10,2,68,136
2116,1516,11,3,9,27
2117,1516,22,2,48,96
2118,1516,27,3,45,135
2119,1516,26,3,50,150
2120,1516,5,3,22,66
2121,1517,18,5,36,180
2122,1517,39,4,14,56
2123,1517,26,4,50,200
2124,1517,40,2,26,52
2125,1517,29,1,240,240
2126,1517,24,1,92,92
2127,1518,16,2,30,60
2128,1518,17,2,42,84
2129,1519,7,1,95,95
2130,1519,5,4,22,88
2131,1519,31,5,190,950
2132,1519,36,1,9,9
2133,1520,17,2,42,84
2134,1521,25,2,20,40
2135,1522,19,2,30,60
2136,1522,29,1,240,240
2137,1523,3,2,1550,3100
2138,1524,31,2,190,380
2139,1524,30,5,115,575
2140,1524,35,5,72,360
2141,1524,18,4,36,144
2142,1524,36,5,9,45
2143,1524,29,2,240,480
2144,1524,9,5,75,375
2145,1525,35,4,72,288
2146,1525,20,3,78,234
2147,1525,23,3,18,54
2148,1525,31,4,190,760
2149,1525,40,3,26,78
2150,1525,15,2,32,64
2151,1526,1,3,260,780
2152,1526,34,4,3,12
2153,1526,9,5,75,375
2154,1527,32,3,165,495
2155,1528,28,5,25,125
2156,1529,1,2,260,520
2157,1529,36,4,9,36
2158,1530,28,2,25,50
2159,1530,26,3,50,150
2160,1530,16,1,30,30
2161,1530,11,4,9,36
2162,1530,25,2,20,40
2163,1531,40,1,26,26
2164,1531,18,2,36,72
2165,1531,19,2,30,60
2166,1531,35,3,72,216
2167,1531,27,1,45,45
2168,1532,40,3,26,78
2169,1532,29,1,240,240
2170,1532,18,2,36,72
2171,1532,32,1,165,165
2172,1533,2,4,320,1280
2173,1533,12,1,15,15
2174,1533,7,2,95,190
2175,1533,19,1,30,30
2176,1533,18,2,36,72
2177,1534,32,3,165,495
2178,1535,20,3,78,234
2179,1535,32,1,165,165
2180,1535,24,2,92,184
2181,1535,30,1,115,115
2182,1536,26,2,50,100
2183,1536,5,2,22,44
2184,1536,35,3,72,216
2185,1537,25,2,20,40
2186,1537,1,4,260,1040
2187,1537,8,1,27,27
2188,1537,16,5,30,150
2189,1537,40,2,26,52
2190,1537,29,2,240,480
2191,1537,37,4,50,200
2192,1538,20,3,78,234
2193,1538,21,4,40,160
2194,1538,11,3,9,27
2195,1538,3,1,1550,1550
2196,1538,36,3,9,27
2197,1538,34,1,3,3
2198,1539,14,5,40,200
2199,1539,8,1,27,27
2200,1539,16,4,30,120
2201,1539,28,2,25,50
2202,1539,21,1,40,40
2203,1539,1,1,260,260
2204,1539,11,5,9,45
2205,1540,31,1,190,190
2206,1540,39,5,14,70
2207,1540,10,3,68,204
2208,1540,24,1,92,92
2209,1540,6,1,58,58
2210,1540,16,3,30,90
2211,1540,11,2,9,18
2212,1541,35,3,72,216
2213,1541,7,4,95,380
2214,1541,9,2,75,150
2215,1541,32,1,165,165
2216,1541,15,4,32,128
2217,1541,21,3,40,120
2218,1542,9,4,75,300
2219,1542,17,2,42,84
2220,1542,3,1,1550,1550
2221,1542,32,5,165,825
2222,1542,29,2,240,480
2223,1542,19,3,30,90
2224,1543,30,4,115,460
2225,1543,18,3,36,108
2226,1543,36,3,9,27
2227,1543,11,5,9,45
2228,1543,5,3,22,66
2229,1543,34,4,3,12
2230,1544,33,2,78,156
2231,1545,24,4,92,368
2232,1545,40,2,26,52
2233,1545,16,5,30,150
2234,1545,21,4,40,160
2235,1545,5,5,22,110
2236,1546,40,4,26,104
2237,1546,19,3,30,90
2238,1547,7,1,95,95
2239,1548,9,1,75,75
2240,1549,7,1,95,95
2241,1549,32,1,165,165
2242,1550,25,1,20,20
2243,1550,32,3,165,495
2244,1550,34,2,3,6
2245,1550,40,5,26,130
2246,1550,38,1,44,44
2247,1551,14,1,40,40
2248,1552,4,1,55,55
2249,1552,24,5,92,460
2250,1552,36,3,9,27
2251,1552,27,5,45,225
2252,1553,5,2,22,44
2253,1553,20,5,78,390
2254,1553,40,4,26,104
2255,1553,14,2,40,80
2256,1553,34,2,3,6
2257,1553,7,5,95,475
2258,1554,16,5,30,150
2259,1554,37,3,50,150
2260,1554,12,4,15,60
2261,1554,36,4,9,36
2262,1554,39,1,14,14
2263,1554,27,2,45,90
2264,1555,12,3,15,45
2265,1555,36,5,9,45
2266,1555,26,3,50,150
2267,1555,33,3,78,234
2268,1555,22,4,48,192
2269,1555,11,4,9,36
2270,1555,29,2,240,480
2271,1556,16,3,30,90
2272,1556,37,3,50,150
2273,1556,35,4,72,288
2274,1556,14,4,40,160
2275,1556,25,4,20,80
2276,1557,3,1,1550,1550
2277,1558,9,1,75,75
2278,1558,20,3,78,234
2279,1558,1,5,260,1300
2280,1558,15,5,32,160
2281,1558,14,5,40,200
2282,1559,37,2,50,100
2283,1559,10,2,68,136
2284,1559,7,3,95,285
2285,1559,3,2,1550,3100
2286,1559,30,5,115,575
2287,1560,15,1,32,32
2288,1560,17,5,42,210
2289,1561,14,5,40,200
2290,1561,5,1,22,22
2291,1561,21,5,40,200
2292,1561,31,3,190,570
2293,1561,12,1,15,15
2294,1562,37,4,50,200
2295,1562,25,1,20,20
2296,1562,6,2,58,116
2297,1562,4,5,55,275
2298,1562,22,1,48,48
2299,1562,23,4,18,72
2300,1563,20,1,78,78
2301,1564,35,5,72,360
2302,1564,37,2,50,100
2303,1564,10,2,68,136
2304,1565,26,5,50,250
2305,1566,33,2,78,156
2306,1566,6,2,58,116
2307,1566,15,3,32,96
2308,1566,28,1,25,25
2309,1566,19,4,30,120
2310,1567,4,5,55,275
2311,1567,36,4,9,36
2312,1567,26,2,50,100
2313,1567,17,2,42,84
2314,1567,6,4,58,232
2315,1568,13,1,780,780
2316,1568,32,2,165,330
2317,1568,26,1,50,50
2318,1568,37,3,50,150
2319,1568,36,4,9,36
2320,1569,37,4,50,200
2321,1569,6,3,58,174
2322,1569,8,3,27,81
2323,1570,21,1,40,40
2324,1570,23,3,18,54
2325,1571,23,5,18,90
2326,1571,40,2,26,52
2327,1572,15,3,32,96
2328,1573,6,2,58,116
2329,1573,8,5,27,135
2330,1574,19,1,30,30
2331,1574,1,3,260,780
2332,1575,31,2,190,380
2333,1575,2,2,320,640
2334,1575,22,5,48,240
2335,1575,14,5,40,200
2336,1576,17,3,42,126
2337,1576,36,2,9,18
2338,1576,31,1,190,190
2339,1576,10,3,68,204
2340,1576,2,2,320,640
2341,1576,25,5,20,100
2342,1576,34,3,3,9
2343,1577,30,1,115,115
2344,1578,18,4,36,144
2345,1578,24,2,92,184
2346,1578,7,4,95,380
2347,1578,2,5,320,1600
2348,1579,7,5,95,475
2349,1579,21,4,40,160
2350,1579,32,5,165,825
2351,1579,35,1,72,72
2352,1579,6,1,58,58
2353,1579,12,2,15,30
2354,1580,20,3,78,234
2355,1580,22,3,48,144
2356,1580,32,3,165,495
2357,1580,26,3,50,150
2358,1580,11,2,9,18
2359,1581,18,3,36,108
2360,1581,4,2,55,110
2361,1581,17,2,42,84
2362,1581,25,3,20,60
2363,1581,2,4,320,1280
2364,1582,9,5,75,375
2365,1582,6,2,58,116
2366,1582,25,4,20,80
2367,1582,34,3,3,9
2368,1582,15,5,32,160
2369,1582,27,3,45,135
2370,1583,9,2,75,150
2371,1583,38,2,44,88
2372,1584,34,5,3,15
2373,1584,9,2,75,150
2374,1584,28,3,25,75
2375,1585,36,1,9,9
2376,1586,21,3,40,120
2377,1586,10,4,68,272
2378,1587,20,1,78,78
2379,1587,29,1,240,240
2380,1587,18,2,36,72
2381,1587,10,1,68,68
2382,1588,40,1,26,26
2383,1588,18,4,36,144
2384,1588,37,2,50,100
2385,1588,15,5,32,160
2386,1588,38,5,44,220
2387,1588,36,4,9,36
2388,1588,2,3,320,960
2389,1589,25,2,20,40
2390,1589,32,2,165,330
2391,1590,15,1,32,32
2392,1590,3,2,1550,3100
2393,1591,15,4,32,128
2394,1591,13,2,780,1560
2395,1591,14,3,40,120
2396,1591,5,4,22,88
2397,1592,28,5,25,125
2398,1592,26,4,50,200
2399,1593,21,1,40,40
2400,1593,26,4,50,200
2401,1593,37,4,50,200
2402,1593,35,1,72,72
2403,1593,34,2,3,6
2404,1593,3,2,1550,3100
2405,1594,3,2,1550,3100
2406,1594,36,4,9,36
2407,1594,25,3,20,60
2408,1594,34,3,3,9
2409,1594,4,4,55,220
2410,1594,13,1,780,780
2411,1595,19,4,30,120
2412,1595,40,4,26,104
2413,1595,4,1,55,55
2414,1595,34,5,3,15
2415,1596,12,5,15,75
2416,1597,26,4,50,200
2417,1597,27,1,45,45
2418,1598,30,4,115,460
2419,1598,38,1,44,44
2420,1599,21,1,40,40
2421,1599,11,4,9,36
2422,1599,8,3,27,81
2423,1600,34,5,3,15
2424,1601,11,2,9,18
2425,1601,25,2,20,40
2426,1601,36,2,9,18
2427,1601,3,1,1550,1550
2428,1601,22,1,48,48
2429,1602,20,2,78,156
2430,1602,29,1,240,240
2431,1602,19,1,30,30
2432,1602,12,5,15,75
2433,1603,17,4,42,168
2434,1603,1,2,260,520
2435,1603,30,2,115,230
2436,1603,32,5,165,825
2437,1603,37,4,50,200
2438,1603,35,4,72,288
2439,1603,39,4,14,56
2440,1604,6,3,58,174
2441,1604,39,5,14,70
2442,1604,1,5,260,1300
2443,1604,16,2,30,60
2444,1605,12,1,15,15
2445,1606,23,1,18,18
2446,1606,3,1,1550,1550
2447,1606,10,4,68,272
2448,1606,39,2,14,28
2449,1606,20,2,78,156
2450,1606,22,3,48,144
2451,1607,39,3,14,42
2452,1607,37,1,50,50
2453,1607,36,1,9,9
2454,1607,12,3,15,45
2455,1607,30,3,115,345
2456,1608,28,3,25,75
2457,1608,36,5,9,45
2458,1608,5,4,22,88
2459,1608,19,5,30,150
2460,1608,31,2,190,380
2461,1608,9,2,75,150
2462,1608,8,5,27,135
2463,1609,7,5,95,475
2464,1610,31,3,190,570
2465,1611,39,5,14,70
2466,1611,21,3,40,120
2467,1611,17,2,42,84
2468,1611,34,5,3,15
2469,1612,32,2,165,330
2470,1612,34,1,3,3
2471,1612,12,1,15,15
2472,1612,40,1,26,26
2473,1612,15,4,32,128
2474,1613,8,5,27,135
2475,1613,14,2,40,80
2476,1613,27,1,45,45
2477,1613,38,2,44,88
2478,1613,3,2,1550,3100
2479,1613,22,3,48,144
2480,1614,5,3,22,66
2481,1614,20,3,78,234
2482,1614,39,4,14,56
2483,1614,33,5,78,390
2484,1614,36,5,9,45
2485,1614,21,1,40,40
2486,1614,1,2,260,520
2487,1615,22,1,48,48
2488,1615,31,2,190,380
2489,1616,10,4,68,272
2490,1616,30,1,115,115
2491,1616,35,5,72,360
2492,1616,22,3,48,144
2493,1617,21,3,40,120
2494,1617,36,3,9,27
2495,1617,35,1,72,72
2496,1617,2,2,320,640
2497,1617,14,3,40,120
2498,1618,2,1,320,320
2499,1618,22,3,48,144
2500,1618,25,3,20,60
2501,1618,35,1,72,72
2502,1618,11,3,9,27
2503,1618,38,4,44,176
2504,1618,12,1,15,15
2505,1619,16,5,30,150
2506,1619,24,3,92,276
2507,1619,29,1,240,240
2508,1619,20,1,78,78
2509,1620,3,1,1550,1550
2510,1620,13,2,780,1560
2511,1620,6,5,58,290
2512,1621,13,2,780,1560
2513,1621,22,3,48,144
2514,1622,7,2,95,190
2515,1622,34,1,3,3
2516,1623,25,1,20,20
2517,1623,34,5,3,15
2518,1623,8,1,27,27
2519,1623,1,3,260,780
2520,1624,3,2,1550,3100
2521,1624,7,2,95,190
2522,1624,34,3,3,9
2523,1624,20,2,78,156
2524,1625,19,3,30,90
2525,1625,18,4,36,144
2526,1626,8,5,27,135
2527,1626,18,5,36,180
2528,1626,10,5,68,340
2529,1626,11,1,9,9
2530,1626,39,2,14,28
2531,1626,40,5,26,130
2532,1627,36,3,9,27
2533,1627,21,5,40,200
2534,1627,18,2,36,72
2535,1628,5,3,22,66
2536,1628,20,5,78,390
2537,1629,4,1,55,55
2538,1629,9,4,75,300
2539,1629,2,1,320,320
2540,1629,31,1,190,190
2541,1630,39,5,14,70
2542,1630,38,3,44,132
2543,1631,22,4,48,192
2544,1631,13,1,780,780
2545,1631,35,1,72,72
2546,1632,30,2,115,230
2547,1632,7,5,95,475
2548,1632,40,3,26,78
2549,1632,20,3,78,234
2550,1632,38,4,44,176
2551,1632,31,2,190,380
2552,1632,15,3,32,96
2553,1633,21,4,40,160
2554,1633,30,4,115,460
2555,1633,32,2,165,330
2556,1633,2,3,320,960
2557,1633,5,3,22,66
2558,1633,31,5,190,950
2559,1633,8,5,27,135
2560,1634,33,1,78,78
2561,1634,7,3,95,285
2562,1635,5,4,22,88
2563,1635,20,2,78,156
2564,1635,35,5,72,360
2565,1635,30,2,115,230
2566,1635,26,5,50,250
2567,1636,31,3,190,570
2568,1636,25,2,20,40
2569,1637,38,1,44,44
2570,1637,28,5,25,125
2571,1637,39,4,14,56
2572,1637,37,1,50,50
2573,1637,22,5,48,240
2574,1637,35,5,72,360
2575,1637,16,4,30,120
2576,1638,36,3,9,27
2577,1638,7,4,95,380
2578,1638,29,1,240,240
2579,1639,7,1,95,95
2580,1639,39,2,14,28
2581,1639,25,2,20,40
2582,1639,21,5,40,200
2583,1639,32,1,165,165
2584,1640,10,2,68,136
2585,1640,40,3,26,78
2586,1640,29,2,240,480
2587,1640,35,5,72,360
2588,1640,19,3,30,90
2589,1640,25,4,20,80
2590,1640,38,3,44,132
2591,1641,38,5,44,220
2592,1642,26,1,50,50
2593,1642,9,1,75,75
2594,1642,19,5,30,150
2595,1642,4,3,55,165
2596,1642,24,1,92,92
2597,1643,19,4,30,120
2598,1643,2,4,320,1280
2599,1643,16,5,30,150
2600,1643,28,2,25,50
2601,1643,26,2,50,100
2602,1643,21,4,40,160
2603,1643,25,2,20,40
2604,1644,36,4,9,36
2605,1644,25,2,20,40
2606,1645,9,2,75,150
2607,1645,1,4,260,1040
2608,1645,5,4,22,88
2609,1646,6,4,58,232
2610,1646,9,5,75,375
2611,1647,40,5,26,130
2612,1647,12,4,15,60
2613,1647,30,4,115,460
2614,1647,33,3,78,234
2615,1648,12,1,15,15
2616,1648,28,5,25,125
2617,1649,16,5,30,150
2618,1649,33,3,78,234
2619,1649,18,1,36,36
2620,1649,27,1,45,45
2621,1650,24,2,92,184
2622,1650,8,5,27,135
2623,1650,38,3,44,132
2624,1650,31,4,190,760
2625,1651,6,5,58,290
2626,1651,34,5,3,15
2627,1651,40,3,26,78
2628,1651,16,5,30,150
2629,1651,31,1,190,190
2630,1652,35,5,72,360
2631,1652,1,4,260,1040
2632,1652,31,5,190,950
2633,1653,22,5,48,240
2634,1653,27,3,45,135
2635,1653,23,5,18,90
2636,1653,19,3,30,90
2637,1653,37,1,50,50
2638,1653,11,4,9,36
2639,1654,11,3,9,27
2640,1654,37,4,50,200
2641,1654,4,1,55,55
2642,1654,19,2,30,60
2643,1654,40,5,26,130
2644,1655,18,2,36,72
2645,1656,18,5,36,180
2646,1656,17,2,42,84
2647,1656,1,4,260,1040
2648,1656,8,3,27,81
2649,1656,39,2,14,28
2650,1657,16,1,30,30
2651,1657,32,3,165,495
2652,1657,12,1,15,15
2653,1658,39,4,14,56
2654,1658,10,4,68,272
2655,1659,29,2,240,480
2656,1659,11,1,9,9
2657,1660,17,3,42,126
2658,1660,8,4,27,108
2659,1660,4,5,55,275
2660,1660,11,2,9,18
2661,1660,30,4,115,460
2662,1660,26,4,50,200
2663,1661,17,3,42,126
2664,1661,10,4,68,272
2665,1661,34,4,3,12
2666,1661,28,3,25,75
2667,1662,3,2,1550,3100
2668,1662,7,3,95,285
2669,1662,35,1,72,72
2670,1662,23,3,18,54
2671,1662,28,5,25,125
2672,1662,18,4,36,144
2673,1663,16,2,30,60
2674,1663,38,3,44,132
2675,1663,13,1,780,780
2676,1663,34,1,3,3
2677,1664,5,2,22,44
2678,1664,1,3,260,780
2679,1664,27,3,45,135
2680,1664,7,2,95,190
2681,1664,34,1,3,3
2682,1664,37,1,50,50
2683,1664,29,1,240,240
2684,1665,39,5,14,70
2685,1666,8,2,27,54
2686,1666,40,3,26,78
2687,1666,6,3,58,174
2688,1666,9,4,75,300
2689,1666,25,1,20,20
2690,1666,12,4,15,60
2691,1667,28,1,25,25
2692,1667,21,3,40,120
2693,1667,17,1,42,42
2694,1668,25,2,20,40
2695,1668,22,4,48,192
2696,1668,4,1,55,55
2697,1668,17,4,42,168
2698,1669,40,4,26,104
2699,1669,26,1,50,50
2700,1670,35,5,72,360
2701,1670,28,1,25,25
2702,1671,17,5,42,210
2703,1671,7,3,95,285
2704,1671,3,2,1550,3100
2705,1671,5,1,22,22
2706,1672,10,2,68,136
2707,1672,1,3,260,780
2708,1672,3,2,1550,3100
2709,1672,25,5,20,100
2710,1673,33,4,78,312
2711,1674,5,4,22,88
2712,1674,35,1,72,72
2713,1674,15,5,32,160
2714,1674,1,5,260,1300
2715,1675,22,1,48,48
2716,1675,20,3,78,234
2717,1675,26,5,50,250
2718,1676,22,2,48,96
2719,1676,6,3,58,174
2720,1676,30,4,115,460
2721,1676,19,1,30,30
2722,1676,13,2,780,1560
2723,1676,12,4,15,60
2724,1676,3,1,1550,1550
2725,1677,29,1,240,240
2726,1677,13,2,780,1560
2727,1677,9,4,75,300
2728,1677,3,1,1550,1550
2729,1677,39,5,14,70
2730,1677,2,3,320,960
2731,1678,35,1,72,72
2732,1678,29,2,240,480
2733,1678,2,1,320,320
2734,1678,3,2,1550,3100
2735,1679,14,4,40,160
2736,1680,35,4,72,288
2737,1680,10,1,68,68
2738,1680,38,4,44,176
2739,1680,15,5,32,160
2740,1680,5,1,22,22
2741,1680,3,1,1550,1550
2742,1681,9,5,75,375
2743,1681,1,2,260,520
2744,1681,12,5,15,75
2745,1681,4,1,55,55
2746,1681,20,1,78,78
2747,1681,7,1,95,95
2748,1682,39,4,14,56
2749,1682,40,3,26,78
2750,1682,15,4,32,128
2751,1682,5,3,22,66
2752,1683,37,2,50,100
2753,1684,14,3,40,120
2754,1684,3,1,1550,1550
2755,1684,38,1,44,44
2756,1685,27,5,45,225
2757,1685,11,2,9,18
2758,1686,16,5,30,150
2759,1686,38,4,44,176
2760,1686,3,1,1550,1550
2761,1686,9,1,75,75
2762,1687,6,4,58,232
2763,1687,1,4,260,1040
2764,1687,12,2,15,30
2765,1687,38,2,44,88
2766,1688,18,4,36,144
2767,1688,34,2,3,6
2768,1689,40,2,26,52
2769,1689,3,2,1550,3100
2770,1690,6,2,58,116
2771,1690,20,2,78,156
2772,1690,23,1,18,18
2773,1690,27,5,45,225
2774,1690,1,1,260,260
2775,1691,24,3,92,276
2776,1691,35,1,72,72
2777,1691,33,2,78,156
2778,1691,15,1,32,32
2779,1691,30,2,115,230
2780,1692,31,3,190,570
2781,1692,32,2,165,330
2782,1692,12,4,15,60
2783,1692,11,3,9,27
2784,1692,3,2,1550,3100
2785,1692,4,5,55,275
2786,1693,30,4,115,460
2787,1693,3,1,1550,1550
2788,1693,7,1,95,95
2789,1693,4,2,55,110
2790,1693,35,4,72,288
2791,1693,12,5,15,75
2792,1693,11,5,9,45
2793,1694,27,1,45,45
2794,1694,13,2,780,1560
2795,1694,21,2,40,80
2796,1695,27,4,45,180
2797,1695,13,1,780,780
2798,1695,25,4,20,80
2799,1695,15,2,32,64
2800,1695,5,2,22,44
2801,1695,31,5,190,950
2802,1696,12,2,15,30
2803,1696,25,3,20,60
2804,1696,24,3,92,276
2805,1696,9,2,75,150
2806,1697,9,3,75,225
2807,1697,3,1,1550,1550
2808,1697,37,1,50,50
2809,1698,30,2,115,230
2810,1698,40,5,26,130
2811,1698,27,2,45,90
2812,1698,11,5,9,45
2813,1698,22,5,48,240
2814,1698,15,2,32,64
2815,1698,19,1,30,30
2816,1699,34,4,3,12
2817,1699,32,3,165,495
2818,1699,14,1,40,40
2819,1699,38,4,44,176
2820,1700,16,1,30,30
2821,1700,40,4,26,104
2822,1700,21,1,40,40
2823,1700,28,1,25,25
2824,1700,15,4,32,128
2825,1700,10,5,68,340
2826,1701,28,4,25,100
2827,1702,7,5,95,475
2828,1702,29,1,240,240
2829,1702,32,4,165,660
2830,1702,16,2,30,60
2831,1703,23,1,18,18
2832,1703,19,1,30,30
2833,1704,20,1,78,78
2834,1704,11,4,9,36
2835,1704,30,4,115,460
2836,1704,37,2,50,100
2837,1705,26,5,50,250
2838,1705,12,1,15,15
2839,1705,24,3,92,276
2840,1705,30,4,115,460
2841,1705,1,3,260,780
2842,1705,5,5,22,110
2843,1705,25,5,20,100
2844,1706,14,3,40,120
2845,1706,6,1,58,58
2846,1706,40,1,26,26
2847,1706,22,4,48,192
2848,1706,4,3,55,165
2849,1707,24,5,92,460
2850,1707,12,2,15,30
2851,1707,36,2,9,18
2852,1708,16,5,30,150
2853,1708,35,2,72,144
2854,1708,8,2,27,54
2855,1709,23,3,18,54
2856,1709,18,1,36,36
2857,1709,33,1,78,78
2858,1710,23,5,18,90
2859,1710,29,1,240,240
2860,1710,32,4,165,660
2861,1711,35,4,72,288
2862,1711,40,1,26,26
2863,1711,19,1,30,30
2864,1711,29,2,240,480
2865,1711,24,2,92,184
2866,1711,5,3,22,66
2867,1712,7,3,95,285
2868,1713,10,2,68,136
2869,1714,14,3,40,120
2870,1714,34,4,3,12
2871,1714,2,4,320,1280
2872,1714,19,1,30,30
2873,1714,27,3,45,135
2874,1714,35,2,72,144
2875,1714,9,1,75,75
2876,1715,15,3,32,96
2877,1716,38,5,44,220
2878,1716,22,5,48,240
2879,1716,21,4,40,160
2880,1716,32,4,165,660
2881,1717,37,3,50,150
2882,1717,9,2,75,150
2883,1717,20,4,78,312
2884,1718,19,3,30,90
2885,1718,4,4,55,220
2886,1718,10,2,68,136
2887,1719,11,2,9,18
2888,1719,35,1,72,72
2889,1719,19,1,30,30
2890,1719,12,3,15,45
2891,1719,10,5,68,340
2892,1720,29,1,240,240
2893,1720,17,2,42,84
2894,1721,3,1,1550,1550
2895,1721,21,5,40,200
2896,1721,23,3,18,54
2897,1721,10,1,68,68
2898,1721,24,1,92,92
2899,1721,29,2,240,480
2900,1722,10,5,68,340
2901,1722,30,3,115,345
2902,1722,21,3,40,120
2903,1722,1,4,260,1040
2904,1723,37,1,50,50
2905,1723,10,4,68,272
2906,1723,29,1,240,240
2907,1724,36,1,9,9
2908,1724,8,4,27,108
2909,1725,15,5,32,160
2910,1725,29,1,240,240
2911,1725,23,5,18,90
2912,1725,6,5,58,290
2913,1725,21,2,40,80
2914,1726,18,4,36,144
2915,1726,13,1,780,780
2916,1726,2,4,320,1280
2917,1726,6,3,58,174
2918,1726,35,5,72,360
2919,1726,29,1,240,240
2920,1726,37,3,50,150
2921,1727,10,1,68,68
2922,1727,28,3,25,75
2923,1727,24,3,92,276
2924,1727,25,3,20,60
2925,1728,29,2,240,480
2926,1728,36,4,9,36
2927,1728,6,4,58,232
2928,1729,11,5,9,45
2929,1729,28,5,25,125
2930,1729,27,1,45,45
2931,1730,14,5,40,200
2932,1730,20,3,78,234
2933,1731,38,1,44,44
2934,1732,27,4,45,180
2935,1733,30,3,115,345
2936,1733,37,5,50,250
2937,1733,9,4,75,300
2938,1733,13,1,780,780
2939,1733,12,3,15,45
2940,1734,38,2,44,88
2941,1734,20,3,78,234
2942,1734,32,3,165,495
2943,1734,36,4,9,36
2944,1734,30,1,115,115
2945,1734,15,3,32,96
2946,1734,2,4,320,1280
2947,1735,32,1,165,165
2948,1735,16,3,30,90
2949,1736,5,5,22,110
2950,1736,39,4,14,56
2951,1736,24,3,92,276
2952,1736,38,4,44,176
2953,1737,8,5,27,135
2954,1737,24,1,92,92
2955,1737,33,2,78,156
2956,1737,37,3,50,150
2957,1737,2,4,320,1280
2958,1737,17,2,42,84
2959,1738,11,4,9,36
2960,1738,4,3,55,165
2961,1738,18,1,36,36
2962,1739,19,2,30,60
2963,1739,34,2,3,6
2964,1739,5,1,22,22
2965,1740,11,1,9,9
2966,1740,35,5,72,360
2967,1740,21,5,40,200
2968,1740,20,3,78,234
2969,1740,18,2,36,72
2970,1741,9,3,75,225
2971,1742,32,2,165,330
2972,1742,27,2,45,90
2973,1742,22,5,48,240
2974,1742,11,5,9,45
2975,1742,7,5,95,475
2976,1742,14,5,40,200
2977,1742,10,5,68,340
2978,1743,8,4,27,108
2979,1743,27,3,45,135
2980,1743,30,3,115,345
2981,1743,5,3,22,66
2982,1743,40,2,26,52
2983,1743,9,4,75,300
2984,1744,34,2,3,6
2985,1744,22,2,48,96
2986,1744,12,2,15,30
2987,1744,20,2,78,156
2988,1744,2,3,320,960
2989,1745,14,4,40,160
2990,1745,9,1,75,75
2991,1746,2,4,320,1280
2992,1747,13,1,780,780
2993,1748,33,3,78,234
2994,1748,38,1,44,44
2995,1748,4,1,55,55
2996,1748,31,1,190,190
2997,1748,8,5,27,135
2998,1748,17,2,42,84
2999,1748,3,1,1550,1550
3000,1749,23,2,18,36
3001,1749,2,3,320,960
3002,1750,23,5,18,90
3003,1750,11,1,9,9
3004,1750,33,1,78,78
3005,1750,40,5,26,130
3006,1750,16,1,30,30
3007,1751,14,1,40,40
3008,1751,13,1,780,780
3009,1751,19,5,30,150
3010,1751,11,4,9,36
3011,1751,35,3,72,216
3012,1752,12,2,15,30
3013,1752,29,1,240,240
3014,1752,7,4,95,380
3015,1752,23,1,18,18
3016,1752,25,3,20,60
3017,1753,30,5,115,575
3018,1754,32,5,165,825
3019,1754,24,1,92,92
3020,1755,21,1,40,40
3021,1756,19,2,30,60
3022,1756,30,5,115,575
3023,1756,39,4,14,56
3024,1756,20,3,78,234
3025,1757,28,1,25,25
3026,1757,13,2,780,1560
3027,1757,5,4,22,88
3028,1757,31,5,190,950
3029,1757,24,1,92,92
3030,1757,12,1,15,15
3031,1757,1,2,260,520
3032,1758,26,3,50,150
3033,1758,38,2,44,88
3034,1758,7,3,95,285
3035,1758,11,2,9,18
3036,1759,26,5,50,250
3037,1759,8,5,27,135
3038,1759,15,3,32,96
3039,1759,28,4,25,100
3040,1759,32,3,165,495
3041,1760,39,2,14,28
3042,1760,26,4,50,200
3043,1760,32,1,165,165
3044,1760,33,1,78,78
3045,1761,32,1,165,165
3046,1761,15,1,32,32
3047,1761,9,1,75,75
3048,1762,2,2,320,640
3049,1762,12,3,15,45
3050,1762,25,5,20,100
3051,1762,39,5,14,70
3052,1763,5,4,22,88
3053,1764,30,3,115,345
3054,1764,13,1,780,780
3055,1764,19,1,30,30
3056,1764,32,4,165,660
3057,1764,37,1,50,50
3058,1764,33,4,78,312
3059,1764,17,4,42,168
3060,1765,25,4,20,80
3061,1765,29,2,240,480
3062,1765,30,2,115,230
3063,1765,3,2,1550,3100
3064,1765,37,4,50,200
3065,1765,12,4,15,60
3066,1765,20,1,78,78
3067,1766,32,5,165,825
3068,1766,36,2,9,18
3069,1766,35,5,72,360
3070,1766,37,1,50,50
3071,1766,31,4,190,760
3072,1767,32,3,165,495
3073,1767,38,3,44,132
3074,1767,25,3,20,60
3075,1768,2,1,320,320
3076,1769,24,1,92,92
3077,1769,23,3,18,54
3078,1770,7,1,95,95
3079,1770,28,2,25,50
3080,1770,23,2,18,36
3081,1770,27,2,45,90
3082,1771,20,2,78,156
3083,1771,38,1,44,44
3084,1771,6,5,58,290
3085,1771,5,3,22,66
3086,1771,40,1,26,26
3087,1771,8,4,27,108
3088,1772,28,5,25,125
3089,1772,37,1,50,50
3090,1772,33,3,78,234
3091,1772,27,4,45,180
3092,1772,18,5,36,180
3093,1772,2,4,320,1280
3094,1773,37,2,50,100
3095,1773,7,3,95,285
3096,1773,32,4,165,660
3097,1774,22,2,48,96
3098,1774,11,4,9,36
3099,1774,40,1,26,26
3100,1774,20,5,78,390
3101,1774,24,2,92,184
3102,1775,20,4,78,312
3103,1776,15,5,32,160
3104,1776,6,4,58,232
3105,1776,38,4,44,176
3106,1776,7,2,95,190
3107,1776,22,3,48,144
3108,1776,18,1,36,36
3109,1776,5,3,22,66
3110,1777,20,4,78,312
3111,1777,28,3,25,75
3112,1777,35,5,72,360
3113,1777,21,5,40,200
3114,1777,13,2,780,1560
3115,1778,36,4,9,36
3116,1778,12,3,15,45
3117,1778,2,5,320,1600
3118,1778,34,5,3,15
3119,1778,39,4,14,56
3120,1778,32,5,165,825
3121,1779,4,2,55,110
3122,1779,34,3,3,9
3123,1779,13,2,780,1560
3124,1779,24,4,92,368
3125,1779,30,3,115,345
3126,1779,10,1,68,68
3127,1780,14,2,40,80
3128,1780,27,4,45,180
3129,1780,18,2,36,72
3130,1780,19,1,30,30
3131,1780,11,2,9,18
3132,1780,17,2,42,84
3133,1781,16,4,30,120
3134,1782,36,3,9,27
3135,1782,28,2,25,50
3136,1782,3,1,1550,1550
3137,1782,13,2,780,1560
3138,1783,18,3,36,108
3139,1783,36,5,9,45
3140,1783,12,3,15,45
3141,1783,3,1,1550,1550
3142,1783,32,4,165,660
3143,1783,2,3,320,960
3144,1783,4,1,55,55
3145,1784,9,1,75,75
3146,1784,16,5,30,150
3147,1784,8,5,27,135
3148,1784,37,5,50,250
3149,1785,32,1,165,165
3150,1785,6,3,58,174
3151,1785,16,3,30,90
3152,1786,38,2,44,88
3153,1786,25,3,20,60
3154,1786,16,4,30,120
3155,1786,28,4,25,100
3156,1786,14,3,40,120
3157,1786,10,5,68,340
3158,1786,7,1,95,95
3159,1787,35,4,72,288
3160,1787,24,4,92,368
3161,1787,8,2,27,54
3162,1787,21,3,40,120
3163,1788,10,2,68,136
3164,1788,24,3,92,276
3165,1788,31,5,190,950
3166,1788,39,4,14,56
3167,1788,20,3,78,234
3168,1788,2,3,320,960
3169,1788,3,1,1550,1550
3170,1789,16,3,30,90
3171,1789,29,1,240,240
3172,1789,25,2,20,40
3173,1789,1,3,260,780
3174,1789,26,2,50,100
3175,1790,21,4,40,160
3176,1790,27,3,45,135
3177,1790,3,2,1550,3100
3178,1790,18,1,36,36
3179,1790,6,2,58,116
3180,1790,32,3,165,495
3181,1791,5,4,22,88
3182,1791,23,1,18,18
3183,1791,27,1,45,45
3184,1791,39,2,14,28
3185,1791,36,4,9,36
3186,1792,9,2,75,150
3187,1792,1,2,260,520
3188,1792,26,5,50,250
3189,1792,13,1,780,780
3190,1792,20,5,78,390
3191,1792,21,4,40,160
3192,1792,6,3,58,174
3193,1793,31,3,190,570
3194,1793,9,3,75,225
3195,1793,17,2,42,84
3196,1793,12,1,15,15
3197,1794,24,2,92,184
3198,1794,12,1,15,15
3199,1794,26,1,50,50
3200,1794,25,5,20,100
3201,1795,40,1,26,26
3202,1795,15,4,32,128
3203,1795,6,5,58,290
3204,1795,30,4,115,460
3205,1795,13,2,780,1560
3206,1795,17,2,42,84
3207,1796,24,5,92,460
3208,1797,1,4,260,1040
3209,1798,30,4,115,460
3210,1798,32,4,165,660
3211,1798,8,2,27,54
3212,1798,15,4,32,128
3213,1798,14,2,40,80
3214,1798,13,1,780,780
3215,1798,18,3,36,108
3216,1799,13,2,780,1560
3217,1799,27,2,45,90
3218,1799,12,5,15,75
3219,1799,39,4,14,56
3220,1799,10,2,68,136
3221,1799,2,3,320,960
3222,1800,30,4,115,460
3223,1800,6,2,58,116
3224,1800,1,4,260,1040
3225,1800,31,4,190,760
3226,1800,9,5,75,375
3227,1801,5,1,22,22
3228,1801,7,3,95,285
3229,1801,36,2,9,18
3230,1802,23,5,18,90
3231,1802,39,5,14,70
3232,1802,3,2,1550,3100
3233,1802,1,3,260,780
3234,1803,24,2,92,184
3235,1803,9,3,75,225
3236,1803,36,2,9,18
3237,1803,3,2,1550,3100
3238,1804,30,5,115,575
3239,1804,9,4,75,300
3240,1804,6,2,58,116
3241,1805,8,4,27,108
3242,1805,21,3,40,120
3243,1805,3,2,1550,3100
3244,1806,19,4,30,120
3245,1806,17,2,42,84
3246,1806,40,3,26,78
3247,1806,34,4,3,12
3248,1807,10,2,68,136
3249,1807,36,1,9,9
3250,1807,29,2,240,480
3251,1807,4,3,55,165
3252,1807,13,1,780,780
3253,1807,40,4,26,104
3254,1807,37,4,50,200
3255,1808,32,4,165,660
3256,1809,36,1,9,9
3257,1809,32,2,165,330
3258,1809,30,1,115,115
3259,1810,6,2,58,116
3260,1810,14,5,40,200
3261,1810,19,3,30,90
3262,1811,38,4,44,176
3263,1811,14,1,40,40
3264,1811,1,2,260,520
3265,1811,34,4,3,12
3266,1811,37,1,50,50
3267,1812,2,3,320,960
3268,1812,19,5,30,150
3269,1812,8,1,27,27
3270,1813,21,5,40,200
3271,1813,10,1,68,68
3272,1813,2,3,320,960
3273,1813,6,1,58,58
3274,1813,30,5,115,575
3275,1813,31,4,190,760
3276,1813,36,3,9,27
3277,1814,37,1,50,50
3278,1814,9,5,75,375
3279,1814,14,5,40,200
3280,1814,4,4,55,220
3281,1814,19,1,30,30
3282,1814,21,4,40,160
3283,1815,12,1,15,15
3284,1815,16,2,30,60
3285,1815,26,2,50,100
3286,1816,26,4,50,200
3287,1816,19,4,30,120
3288,1816,10,3,68,204
3289,1816,8,5,27,135
3290,1817,7,4,95,380
3291,1817,24,4,92,368
3292,1817,33,4,78,312
3293,1818,18,4,36,144
3294,1818,37,3,50,150
3295,1818,39,5,14,70
3296,1818,28,2,25,50
3297,1819,28,4,25,100
3298,1819,6,2,58,116
3299,1819,3,1,1550,1550
3300,1819,33,4,78,312
3301,1820,34,4,3,12
3302,1820,6,3,58,174
3303,1820,19,2,30,60
3304,1820,30,2,115,230
3305,1820,28,3,25,75
3306,1821,16,1,30,30
3307,1821,34,5,3,15
3308,1821,28,4,25,100
3309,1821,19,4,30,120
3310,1821,4,1,55,55
3311,1821,5,4,22,88
3312,1821,3,2,1550,3100
3313,1822,17,1,42,42
3314,1822,38,1,44,44
3315,1822,6,4,58,232
3316,1823,12,1,15,15
3317,1823,26,4,50,200
3318,1824,20,2,78,156
3319,1824,21,2,40,80
3320,1824,38,2,44,88
3321,1824,30,1,115,115
3322,1824,29,2,240,480
3323,1824,17,1,42,42
3324,1825,35,1,72,72
3325,1825,2,2,320,640
3326,1825,1,4,260,1040
3327,1825,26,4,50,200
3328,1826,39,3,14,42
3329,1826,32,4,165,660
3330,1826,20,3,78,234
3331,1826,40,1,26,26
3332,1827,9,1,75,75
3333,1827,1,1,260,260
3334,1828,13,1,780,780
3335,1828,2,1,320,320
3336,1828,14,3,40,120
3337,1828,31,4,190,760
3338,1828,10,2,68,136
3339,1828,16,4,30,120
3340,1829,2,4,320,1280
3341,1829,8,4,27,108
3342,1829,11,1,9,9
3343,1829,10,4,68,272
3344,1830,16,3,30,90
3345,1830,13,1,780,780
3346,1830,19,1,30,30
3347,1830,37,4,50,200
3348,1830,26,4,50,200
3349,1831,32,5,165,825
3350,1831,38,5,44,220
3351,1831,36,5,9,45
3352,1831,19,4,30,120
3353,1831,3,1,1550,1550
3354,1831,40,1,26,26
3355,1831,26,5,50,250
3356,1832,28,3,25,75
3357,1833,5,5,22,110
3358,1833,18,3,36,108
3359,1833,27,4,45,180
3360,1833,31,4,190,760
3361,1833,8,1,27,27
3362,1834,19,3,30,90
3363,1834,13,2,780,1560
3364,1835,33,3,78,234
3365,1835,15,5,32,160
3366,1836,30,5,115,575
3367,1836,9,2,75,150
3368,1836,19,3,30,90
3369,1836,25,1,20,20
3370,1836,27,4,45,180
3371,1836,24,2,92,184
3372,1836,31,2,190,380
3373,1837,11,1,9,9
3374,1837,39,4,14,56
3375,1838,20,1,78,78
3376,1838,16,3,30,90
3377,1838,14,3,40,120
3378,1838,36,3,9,27
3379,1839,12,1,15,15
3380,1839,33,3,78,234
3381,1840,8,4,27,108
3382,1840,40,3,26,78
3383,1840,15,3,32,96
3384,1840,36,3,9,27
3385,1841,3,2,1550,3100
3386,1841,36,1,9,9
3387,1841,18,1,36,36
3388,1841,10,5,68,340
3389,1841,33,5,78,390
3390,1841,7,1,95,95
3391,1841,4,5,55,275
3392,1842,33,2,78,156
3393,1843,8,4,27,108
3394,1843,14,1,40,40
3395,1843,24,2,92,184
3396,1843,11,3,9,27
3397,1843,19,3,30,90
3398,1843,29,1,240,240
3399,1844,13,2,780,1560
3400,1845,1,3,260,780
3401,1845,16,3,30,90
3402,1845,31,4,190,760
3403,1845,22,3,48,144
3404,1845,19,2,30,60
3405,1845,33,2,78,156
3406,1845,11,5,9,45
3407,1846,15,4,32,128
3408,1846,9,5,75,375
3409,1846,28,3,25,75
3410,1846,27,1,45,45
3411,1847,10,3,68,204
3412,1847,1,3,260,780
3413,1847,34,4,3,12
3414,1847,5,2,22,44
3415,1848,4,1,55,55
3416,1848,26,5,50,250
3417,1848,3,2,1550,3100
3418,1848,10,4,68,272
3419,1849,36,3,9,27
3420,1849,20,5,78,390
3421,1849,21,5,40,200
3422,1849,23,2,18,36
3423,1850,26,2,50,100
3424,1850,29,2,240,480
3425,1850,14,1,40,40
3426,1850,35,1,72,72
3427,1850,39,5,14,70
3428,1850,23,3,18,54
3429,1851,9,1,75,75
3430,1851,34,5,3,15
3431,1851,35,5,72,360
3432,1851,19,3,30,90
3433,1852,11,3,9,27
3434,1852,2,2,320,640
3435,1852,35,3,72,216
3436,1853,28,3,25,75
3437,1853,33,1,78,78
3438,1853,8,1,27,27
3439,1853,4,1,55,55
3440,1853,24,4,92,368
3441,1853,17,3,42,126
3442,1854,1,5,260,1300
3443,1854,30,5,115,575
3444,1854,22,2,48,96
3445,1854,16,3,30,90
3446,1854,38,3,44,132
3447,1855,37,2,50,100
3448,1855,9,1,75,75
3449,1855,25,3,20,60
3450,1856,38,4,44,176
3451,1856,13,2,780,1560
3452,1856,24,1,92,92
3453,1856,30,1,115,115
3454,1856,7,1,95,95
3455,1857,9,3,75,225
3456,1857,31,5,190,950
3457,1857,14,4,40,160
3458,1857,29,2,240,480
3459,1858,17,2,42,84
3460,1858,38,5,44,220
3461,1858,32,2,165,330
3462,1858,28,4,25,100
3463,1858,29,2,240,480
3464,1858,39,2,14,28
3465,1858,27,5,45,225
3466,1859,34,3,3,9
3467,1859,8,1,27,27
3468,1859,14,5,40,200
3469,1859,30,4,115,460
3470,1859,31,1,190,190
3471,1859,3,1,1550,1550
3472,1859,11,3,9,27
3473,1860,19,3,30,90
3474,1860,3,2,1550,3100
3475,1860,34,3,3,9
3476,1860,10,3,68,204
3477,1860,8,4,27,108
3478,1861,10,5,68,340
3479,1862,4,4,55,220
3480,1862,20,1,78,78
3481,1862,19,1,30,30
3482,1862,14,5,40,200
3483,1863,5,5,22,110
3484,1863,3,2,1550,3100
3485,1863,27,5,45,225
3486,1864,25,2,20,40
3487,1864,31,5,190,950
3488,1864,39,4,14,56
3489,1865,29,2,240,480
3490,1865,40,3,26,78
3491,1865,10,5,68,340
3492,1865,21,1,40,40
3493,1865,6,4,58,232
3494,1865,27,3,45,135
3495,1865,25,1,20,20
3496,1866,11,5,9,45
3497,1866,2,5,320,1600
3498,1866,37,5,50,250
3499,1866,20,1,78,78
3500,1866,36,5,9,45
3501,1866,8,5,27,135
3502,1866,6,2,58,116
3503,1867,31,2,190,380
3504,1867,33,2,78,156
3505,1867,2,5,320,1600
3506,1867,8,4,27,108
3507,1867,35,1,72,72
3508,1867,12,5,15,75
3509,1867,38,5,44,220
3510,1868,26,1,50,50
3511,1868,38,3,44,132
3512,1868,3,2,1550,3100
3513,1869,27,3,45,135
3514,1869,2,4,320,1280
3515,1870,6,2,58,116
3516,1870,8,3,27,81
3517,1870,7,2,95,190
3518,1871,17,3,42,126
3519,1871,6,4,58,232
3520,1872,11,4,9,36
3521,1872,4,1,55,55
3522,1872,21,3,40,120
3523,1872,12,2,15,30
3524,1872,2,4,320,1280
3525,1872,39,3,14,42
3526,1873,25,2,20,40
3527,1873,8,5,27,135
3528,1873,4,5,55,275
3529,1874,32,4,165,660
3530,1874,33,1,78,78
3531,1875,30,4,115,460
3532,1875,36,1,9,9
3533,1875,27,4,45,180
3534,1876,15,2,32,64
3535,1876,2,3,320,960
3536,1876,18,5,36,180
3537,1876,36,4,9,36
3538,1876,7,4,95,380
3539,1876,16,1,30,30
3540,1877,33,4,78,312
3541,1877,14,5,40,200
3542,1877,10,4,68,272
3543,1877,24,1,92,92
3544,1877,35,1,72,72
3545,1877,11,4,9,36
3546,1877,16,5,30,150
3547,1878,11,3,9,27
3548,1878,1,5,260,1300
3549,1878,4,3,55,165
3550,1879,25,5,20,100
3551,1879,23,1,18,18
3552,1879,14,3,40,120
3553,1879,33,1,78,78
3554,1879,19,4,30,120
3555,1879,3,1,1550,1550
3556,1879,11,2,9,18
3557,1880,36,3,9,27
3558,1880,18,4,36,144
3559,1880,28,3,25,75
3560,1880,14,2,40,80
3561,1880,33,3,78,234
3562,1880,21,3,40,120
3563,1881,30,1,115,115
3564,1881,39,2,14,28
3565,1882,1,5,260,1300
3566,1882,39,4,14,56
3567,1882,31,4,190,760
3568,1882,40,5,26,130
3569,1882,37,1,50,50
3570,1882,12,1,15,15
3571,1883,2,3,320,960
3572,1883,29,2,240,480
3573,1883,8,2,27,54
3574,1883,23,1,18,18
3575,1883,25,1,20,20
3576,1884,24,1,92,92
3577,1884,13,2,780,1560
3578,1884,29,2,240,480
3579,1884,1,2,260,520
3580,1885,40,2,26,52
3581,1886,32,3,165,495
3582,1886,24,4,92,368
3583,1887,39,5,14,70
3584,1887,14,5,40,200
3585,1887,1,4,260,1040
3586,1887,13,1,780,780
3587,1887,26,5,50,250
3588,1887,8,2,27,54
3589,1888,38,1,44,44
3590,1889,17,5,42,210
3591,1889,37,3,50,150
3592,1890,2,3,320,960
3593,1890,35,5,72,360
3594,1891,1,4,260,1040
3595,1891,28,3,25,75
3596,1891,4,1,55,55
3597,1891,21,5,40,200
3598,1892,32,1,165,165
3599,1892,24,3,92,276
3600,1892,34,4,3,12
3601,1892,3,2,1550,3100
3602,1893,1,1,260,260
3603,1893,26,5,50,250
3604,1893,13,1,780,780
3605,1894,15,3,32,96
3606,1894,28,1,25,25
3607,1894,5,1,22,22
3608,1894,16,1,30,30
3609,1894,13,2,780,1560
3610,1894,11,4,9,36
3611,1895,2,3,320,960
3612,1895,38,1,44,44
3613,1895,22,3,48,144
3614,1895,17,5,42,210
3615,1895,16,2,30,60
3616,1895,7,1,95,95
3617,1895,31,5,190,950
3618,1896,29,1,240,240
3619,1896,7,4,95,380
3620,1896,38,3,44,132
3621,1896,8,1,27,27
3622,1896,6,2,58,116
3623,1897,29,2,240,480
3624,1898,28,3,25,75
3625,1898,5,4,22,88
3626,1898,7,4,95,380
3627,1898,4,1,55,55
3628,1898,36,5,9,45
3629,1899,27,5,45,225
3630,1899,15,1,32,32
3631,1899,1,3,260,780
3632,1899,30,1,115,115
3633,1899,25,4,20,80
3634,1899,37,5,50,250
3635,1899,28,3,25,75
3636,1900,13,1,780,780
3637,1900,7,5,95,475
3638,1900,1,2,260,520
3639,1900,39,5,14,70
3640,1900,5,3,22,66
3641,1901,27,2,45,90
3642,1901,31,2,190,380
3643,1901,40,2,26,52
3644,1902,3,1,1550,1550
3645,1902,4,2,55,110
3646,1902,9,4,75,300
3647,1902,20,3,78,234
3648,1902,28,5,25,125
3649,1902,33,3,78,234
3650,1902,23,3,18,54
3651,1903,1,1,260,260
3652,1903,34,2,3,6
3653,1903,38,5,44,220
3654,1904,36,3,9,27
3655,1904,4,2,55,110
3656,1904,28,4,25,100
3657,1904,23,4,18,72
3658,1904,13,2,780,1560
3659,1904,40,5,26,130
3660,1904,35,5,72,360
3661,1905,20,1,78,78
3662,1905,27,4,45,180
3663,1905,22,2,48,96
3664,1905,11,1,9,9
3665,1905,7,2,95,190
3666,1906,15,2,32,64
3667,1906,30,4,115,460
3668,1906,14,2,40,80
3669,1906,16,1,30,30
3670,1906,31,3,190,570
3671,1906,22,1,48,48
3672,1907,23,5,18,90
3673,1908,10,4,68,272
3674,1909,38,1,44,44
3675,1909,24,2,92,184
3676,1910,19,3,30,90
3677,1910,12,2,15,30
3678,1911,36,1,9,9
3679,1911,16,2,30,60
3680,1911,12,3,15,45
3681,1912,2,4,320,1280
3682,1913,8,3,27,81
3683,1913,22,2,48,96
3684,1913,14,5,40,200
3685,1913,20,5,78,390
3686,1913,30,4,115,460
3687,1913,16,1,30,30
3688,1914,10,2,68,136
3689,1915,25,1,20,20
3690,1915,24,5,92,460
3691,1915,21,5,40,200
3692,1915,39,2,14,28
3693,1915,28,5,25,125
3694,1916,10,3,68,204
3695,1916,21,2,40,80
3696,1916,16,5,30,150
3697,1917,32,2,165,330
3698,1917,14,5,40,200
3699,1917,6,4,58,232
3700,1917,31,5,190,950
3701,1917,40,3,26,78
3702,1918,34,5,3,15
3703,1918,30,4,115,460
3704,1918,12,4,15,60
3705,1918,21,4,40,160
3706,1919,38,2,44,88
3707,1919,26,2,50,100
3708,1919,3,2,1550,3100
3709,1920,16,3,30,90
3710,1920,26,5,50,250
3711,1920,14,1,40,40
3712,1920,20,2,78,156
3713,1920,28,1,25,25
3714,1920,25,3,20,60
3715,1920,11,4,9,36
3716,1921,23,5,18,90
3717,1921,15,3,32,96
3718,1921,38,4,44,176
3719,1921,3,2,1550,3100
3720,1921,30,4,115,460
3721,1922,27,4,45,180
3722,1922,24,1,92,92
3723,1922,32,2,165,330
3724,1922,21,4,40,160
3725,1923,17,1,42,42
3726,1923,5,3,22,66
3727,1924,33,1,78,78
3728,1924,35,1,72,72
3729,1924,6,3,58,174
3730,1924,18,1,36,36
3731,1924,15,5,32,160
3732,1925,22,3,48,144
3733,1925,13,2,780,1560
3734,1926,18,3,36,108
3735,1926,13,2,780,1560
3736,1926,9,4,75,300
3737,1926,35,4,72,288
3738,1926,17,5,42,210
3739,1926,1,1,260,260
3740,1927,33,2,78,156
3741,1927,10,4,68,272
3742,1927,26,2,50,100
3743,1927,15,5,32,160
3744,1928,36,4,9,36
3745,1928,30,4,115,460
3746,1928,22,2,48,96
3747,1928,6,4,58,232
3748,1928,21,4,40,160
3749,1929,36,3,9,27
3750,1929,2,3,320,960
3751,1929,24,2,92,184
3752,1929,9,4,75,300
3753,1929,37,4,50,200
3754,1929,20,4,78,312
3755,1929,1,5,260,1300
3756,1930,21,1,40,40
3757,1930,38,2,44,88
3758,1930,2,2,320,640
3759,1931,37,2,50,100
3760,1931,39,4,14,56
3761,1931,26,1,50,50
3762,1932,25,4,20,80
3763,1932,13,2,780,1560
3764,1932,31,1,190,190
3765,1932,7,2,95,190
3766,1932,22,1,48,48
3767,1933,36,1,9,9
3768,1933,12,4,15,60
3769,1933,3,2,1550,3100
3770,1933,32,2,165,330
3771,1933,2,2,320,640
3772,1933,39,3,14,42
3773,1934,34,2,3,6
3774,1934,5,3,22,66
3775,1934,30,4,115,460
3776,1934,4,4,55,220
3777,1934,24,2,92,184
3778,1934,40,1,26,26
3779,1935,35,1,72,72
3780,1935,27,4,45,180
3781,1936,14,5,40,200
3782,1936,9,3,75,225
3783,1936,40,5,26,130
3784,1936,20,2,78,156
3785,1936,28,5,25,125
3786,1936,31,4,190,760
3787,1936,11,3,9,27
3788,1937,1,1,260,260
3789,1937,10,4,68,272
3790,1938,16,1,30,30
3791,1938,34,1,3,3
3792,1938,22,3,48,144
3793,1938,37,4,50,200
3794,1938,32,3,165,495
3795,1938,30,3,115,345
3796,1938,35,4,72,288
3797,1939,12,4,15,60
3798,1939,27,2,45,90
3799,1939,16,5,30,150
3800,1939,40,1,26,26
3801,1939,28,4,25,100
3802,1940,3,1,1550,1550
3803,1940,16,4,30,120
3804,1940,11,4,9,36
3805,1940,18,5,36,180
3806,1940,35,1,72,72
3807,1940,19,3,30,90
3808,1941,7,3,95,285
3809,1942,29,1,240,240
3810,1942,11,4,9,36
3811,1942,17,1,42,42
3812,1942,14,1,40,40
3813,1943,30,1,115,115
3814,1943,25,3,20,60
3815,1943,22,1,48,48
3816,1943,26,2,50,100
3817,1943,13,2,780,1560
3818,1943,37,4,50,200
3819,1944,30,4,115,460
3820,1944,5,2,22,44
3821,1944,6,4,58,232
3822,1944,36,3,9,27
3823,1945,11,4,9,36
3824,1945,40,2,26,52
3825,1945,2,1,320,320
3826,1945,7,1,95,95
3827,1945,12,3,15,45
3828,1945,19,2,30,60
3829,1945,8,4,27,108
3830,1946,12,2,15,30
3831,1946,14,4,40,160
3832,1946,3,1,1550,1550
3833,1947,34,4,3,12
3834,1947,7,2,95,190
3835,1947,25,2,20,40
3836,1947,20,3,78,234
3837,1947,29,1,240,240
3838,1947,4,2,55,110
3839,1947,1,1,260,260
3840,1948,27,1,45,45
3841,1949,13,1,780,780
3842,1949,5,2,22,44
3843,1949,15,1,32,32
3844,1950,7,5,95,475
3845,1950,21,4,40,160
3846,1950,36,4,9,36
3847,1950,13,1,780,780
3848,1950,40,2,26,52
3849,1951,7,2,95,190
3850,1951,23,1,18,18
3851,1952,21,2,40,80
3852,1952,1,1,260,260
3853,1952,25,3,20,60
3854,1952,14,5,40,200
3855,1953,3,2,1550,3100
3856,1953,5,5,22,110
3857,1953,14,4,40,160
3858,1954,35,2,72,144
3859,1955,7,2,95,190
3860,1955,39,3,14,42
3861,1955,21,2,40,80
3862,1956,21,5,40,200
3863,1956,31,2,190,380
3864,1956,5,5,22,110
3865,1956,22,5,48,240
3866,1956,2,1,320,320
3867,1956,29,1,240,240
3868,1957,40,3,26,78
3869,1958,28,1,25,25
3870,1958,16,1,30,30
3871,1959,24,2,92,184
3872,1959,32,2,165,330
3873,1960,14,3,40,120
3874,1960,3,1,1550,1550
3875,1960,16,3,30,90
3876,1960,39,3,14,42
3877,1961,19,5,30,150
3878,1961,2,1,320,320
3879,1961,15,2,32,64
3880,1961,22,2,48,96
3881,1961,37,5,50,250
3882,1961,16,4,30,120
3883,1962,21,1,40,40
3884,1962,12,2,15,30
3885,1962,29,1,240,240
3886,1962,1,2,260,520
3887,1962,5,2,22,44
3888,1963,6,5,58,290
3889,1963,12,2,15,30
3890,1964,33,4,78,312
3891,1964,6,3,58,174
3892,1965,13,1,780,780
3893,1965,16,5,30,150
3894,1966,20,4,78,312
3895,1966,19,2,30,60
3896,1967,31,4,190,760
3897,1967,6,2,58,116
3898,1967,24,4,92,368
3899,1968,28,1,25,25
3900,1968,33,4,78,312
3901,1968,40,4,26,104
3902,1968,10,1,68,68
3903,1969,20,4,78,312
3904,1969,39,3,14,42
3905,1969,35,4,72,288
3906,1969,10,3,68,204
3907,1969,36,4,9,36
3908,1969,12,5,15,75
3909,1969,17,5,42,210
3910,1970,5,2,22,44
3911,1970,22,2,48,96
3912,1970,9,1,75,75
3913,1970,31,1,190,190
3914,1971,33,4,78,312
3915,1971,24,3,92,276
3916,1971,32,5,165,825
3917,1971,26,1,50,50
3918,1971,27,4,45,180
3919,1971,37,1,50,50
3920,1971,39,1,14,14
3921,1972,37,3,50,150
3922,1972,11,5,9,45
3923,1972,13,2,780,1560
3924,1972,28,3,25,75
3925,1973,4,3,55,165
3926,1973,25,1,20,20
3927,1973,28,2,25,50
3928,1973,16,3,30,90
3929,1973,37,5,50,250
3930,1973,31,4,190,760
3931,1974,10,4,68,272
3932,1974,17,4,42,168
3933,1974,16,5,30,150
3934,1974,11,1,9,9
3935,1974,1,5,260,1300
3936,1974,8,2,27,54
3937,1975,11,5,9,45
3938,1975,28,4,25,100
3939,1975,17,5,42,210
3940,1975,20,3,78,234
3941,1976,27,2,45,90
3942,1976,6,4,58,232
3943,1976,7,3,95,285
3944,1976,37,1,50,50
3945,1976,23,2,18,36
3946,1976,10,4,68,272
3947,1977,7,4,95,380
3948,1978,27,2,45,90
3949,1978,19,2,30,60
3950,1978,28,2,25,50
3951,1978,11,4,9,36
3952,1978,12,2,15,30
3953,1979,8,1,27,27
3954,1979,29,1,240,240
3955,1979,37,2,50,100
3956,1979,14,3,40,120
3957,1979,12,4,15,60
3958,1980,40,1,26,26
3959,1980,7,4,95,380
3960,1980,11,1,9,9
3961,1980,6,3,58,174
3962,1981,22,5,48,240
3963,1982,31,1,190,190
3964,1982,32,1,165,165
3965,1983,1,2,260,520
3966,1983,38,5,44,220
3967,1983,3,1,1550,1550
3968,1984,39,3,14,42
3969,1984,34,5,3,15
3970,1984,18,4,36,144
3971,1984,32,3,165,495
3972,1985,22,4,48,192
3973,1985,21,4,40,160
3974,1985,16,5,30,150
3975,1986,7,3,95,285
3976,1986,1,2,260,520
3977,1986,30,3,115,345
3978,1986,26,4,50,200
3979,1986,9,5,75,375
3980,1986,2,4,320,1280
3981,1986,8,5,27,135
3982,1987,13,1,780,780
3983,1987,1,3,260,780
3984,1987,21,4,40,160
3985,1987,2,2,320,640
3986,1988,32,4,165,660
3987,1988,26,1,50,50
3988,1988,40,4,26,104
3989,1988,6,3,58,174
3990,1988,23,5,18,90
3991,1989,10,5,68,340
3992,1989,34,1,3,3
3993,1990,32,5,165,825
3994,1990,6,4,58,232
3995,1991,29,1,240,240
3996,1991,8,2,27,54
3997,1992,11,4,9,36
3998,1992,6,1,58,58
3999,1993,21,2,40,80
4000,1993,25,3,20,60
4001,1994,31,2,190,380
4002,1994,8,5,27,135
4003,1994,9,5,75,375
4004,1994,35,1,72,72
4005,1994,32,3,165,495
4006,1994,6,4,58,232
4007,1995,25,3,20,60
4008,1995,36,1,9,9
4009,1995,28,1,25,25
4010,1995,15,1,32,32
4011,1995,37,3,50,150
4012,1995,17,5,42,210
4013,1996,8,2,27,54
4014,1996,37,3,50,150
4015,1997,37,5,50,250
4016,1997,1,2,260,520
4017,1997,20,4,78,312
4018,1997,4,4,55,220
4019,1998,24,5,92,460
4020,1998,9,2,75,150
4021,1998,34,1,3,3
4022,1999,1,3,260,780
4023,1999,35,2,72,144
4024,1999,30,4,115,460
4025,1999,21,4,40,160
4026,2000,39,1,14,14
4027,2000,19,5,30,150
4028,2001,20,5,78,390
4029,2001,33,4,78,312
4030,2001,8,2,27,54
4031,2002,19,2,30,60
4032,2002,25,2,20,40
4033,2002,4,1,55,55
4034,2002,22,2,48,96
4035,2003,32,4,165,660
4036,2003,26,3,50,150
4037,2003,20,4,78,312
4038,2003,11,4,9,36
4039,2003,2,1,320,320
4040,2003,39,5,14,70
4041,2003,22,3,48,144
4042,2004,13,1,780,780
4043,2004,36,3,9,27
4044,2004,26,5,50,250
4045,2005,4,2,55,110
4046,2005,20,2,78,156
4047,2005,30,2,115,230
4048,2005,11,2,9,18
4049,2005,9,1,75,75
4050,2005,29,2,240,480
4051,2005,31,5,190,950
4052,2006,10,4,68,272
4053,2007,7,4,95,380
4054,2008,4,3,55,165
4055,2008,8,5,27,135
4056,2009,10,2,68,136
4057,2009,26,4,50,200
4058,2009,16,4,30,120
4059,2009,3,2,1550,3100
4060,2010,39,4,14,56
4061,2010,12,3,15,45
4062,2010,25,1,20,20
4063,2010,6,1,58,58
4064,2010,30,1,115,115
4065,2010,38,1,44,44
4066,2011,32,2,165,330
4067,2012,38,5,44,220
4068,2013,18,4,36,144
4069,2013,7,4,95,380
4070,2013,38,3,44,132
4071,2013,12,5,15,75
4072,2014,7,5,95,475
4073,2014,21,2,40,80
4074,2015,2,4,320,1280
4075,2015,26,1,50,50
4076,2015,36,5,9,45
4077,2015,35,5,72,360
4078,2016,8,4,27,108
4079,2016,14,3,40,120
4080,2016,12,1,15,15
4081,2016,39,1,14,14
4082,2016,1,2,260,520
4083,2017,14,1,40,40
4084,2017,11,1,9,9
4085,2017,6,5,58,290
4086,2017,36,3,9,27
4087,2017,17,3,42,126
4088,2018,11,5,9,45
4089,2018,28,3,25,75
4090,2018,1,5,260,1300
4091,2018,16,4,30,120
4092,2018,20,2,78,156
4093,2019,32,5,165,825
4094,2019,21,2,40,80
4095,2019,34,1,3,3
4096,2019,23,1,18,18
4097,2019,39,2,14,28
4098,2020,13,2,780,1560
4099,2021,14,4,40,160
4100,2021,9,1,75,75
4101,2021,36,5,9,45
4102,2021,40,3,26,78
4103,2021,23,3,18,54
4104,2021,18,4,36,144
4105,2021,39,2,14,28
4106,2022,30,5,115,575
4107,2022,6,2,58,116
4108,2022,17,1,42,42
4109,2022,28,3,25,75
4110,2023,13,2,780,1560
4111,2023,24,4,92,368
4112,2023,37,4,50,200
4113,2023,33,1,78,78
4114,2023,11,5,9,45
4115,2023,27,2,45,90
4116,2024,18,5,36,180
4117,2025,36,1,9,9
4118,2026,6,2,58,116
4119,2026,24,2,92,184
4120,2026,22,3,48,144
4121,2027,25,4,20,80
4122,2028,8,5,27,135
4123,2029,20,3,78,234
4124,2029,38,5,44,220
4125,2029,32,3,165,495
4126,2029,7,5,95,475
4127,2029,34,1,3,3
4128,2029,23,1,18,18
4129,2030,21,3,40,120
4130,2030,25,5,20,100
4131,2031,39,1,14,14
4132,2031,26,5,50,250
4133,2031,31,2,190,380
4134,2031,38,2,44,88
4135,2031,9,2,75,150
4136,2032,37,5,50,250
4137,2032,18,4,36,144
4138,2032,4,4,55,220
4139,2032,24,2,92,184
4140,2033,23,4,18,72
4141,2033,30,5,115,575
4142,2033,33,2,78,156
4143,2033,19,3,30,90
4144,2034,6,2,58,116
4145,2034,20,1,78,78
4146,2034,27,2,45,90
4147,2034,21,5,40,200
4148,2034,40,1,26,26
4149,2034,36,1,9,9
4150,2035,36,5,9,45
4151,2035,32,2,165,330
4152,2035,1,4,260,1040
4153,2036,33,5,78,390
4154,2036,35,2,72,144
4155,2036,8,1,27,27
4156,2036,26,4,50,200
4157,2037,35,5,72,360
4158,2037,23,2,18,36
4159,2037,16,2,30,60
4160,2037,34,1,3,3
4161,2037,3,2,1550,3100
4162,2037,29,1,240,240
4163,2038,23,3,18,54
4164,2038,4,1,55,55
4165,2038,28,3,25,75
4166,2038,32,2,165,330
4167,2038,25,5,20,100
4168,2039,8,5,27,135
4169,2039,19,4,30,120
4170,2039,20,2,78,156
4171,2039,31,3,190,570
4172,2039,39,5,14,70
4173,2039,17,1,42,42
4174,2039,14,4,40,160
4175,2040,32,3,165,495
4176,2040,4,3,55,165
4177,2040,23,3,18,54
4178,2040,1,1,260,260
4179,2040,40,1,26,26
4180,2041,12,1,15,15
4181,2041,26,4,50,200
4182,2041,23,4,18,72
4183,2042,6,2,58,116
4184,2042,34,4,3,12
4185,2043,32,2,165,330
4186,2044,17,2,42,84
4187,2044,15,5,32,160
4188,2044,31,3,190,570
4189,2044,26,1,50,50
4190,2044,24,4,92,368
4191,2044,20,4,78,312
4192,2044,36,2,9,18
4193,2045,23,3,18,54
4194,2045,28,2,25,50
4195,2046,13,1,780,780
4196,2047,26,1,50,50
4197,2047,27,2,45,90
4198,2048,31,4,190,760
4199,2048,18,4,36,144
4200,2049,32,2,165,330
4201,2049,9,1,75,75
4202,2049,21,1,40,40
4203,2049,26,1,50,50
4204,2049,33,2,78,156
4205,2050,23,2,18,36
4206,2050,33,1,78,78
4207,2051,22,4,48,192
4208,2051,28,1,25,25
4209,2051,1,4,260,1040
4210,2051,39,2,14,28
4211,2051,31,5,190,950
4212,2051,19,2,30,60
4213,2052,33,4,78,312
4214,2052,12,2,15,30
4215,2052,16,4,30,120
4216,2052,18,1,36,36
4217,2052,8,5,27,135
4218,2052,17,5,42,210
4219,2053,13,1,780,780
4220,2053,38,1,44,44
4221,2054,26,2,50,100
4222,2054,3,1,1550,1550
4223,2055,2,4,320,1280
4224,2055,40,4,26,104
4225,2055,13,2,780,1560
4226,2055,6,2,58,116
4227,2056,22,1,48,48
4228,2056,28,5,25,125
4229,2057,4,3,55,165
4230,2057,20,3,78,234
4231,2057,8,4,27,108
4232,2057,18,2,36,72
4233,2058,4,1,55,55
4234,2058,12,3,15,45
4235,2058,3,1,1550,1550
4236,2059,31,4,190,760
4237,2059,18,2,36,72
4238,2059,39,3,14,42
4239,2060,24,1,92,92
4240,2060,22,5,48,240
4241,2060,20,2,78,156
4242,2060,8,3,27,81
4243,2061,24,5,92,460
4244,2061,38,4,44,176
4245,2061,34,1,3,3
4246,2061,40,1,26,26
4247,2061,16,2,30,60
4248,2061,18,5,36,180
4249,2062,3,1,1550,1550
4250,2063,29,2,240,480
4251,2063,7,3,95,285
4252,2064,31,4,190,760
4253,2064,13,2,780,1560
4254,2064,35,5,72,360
4255,2064,10,3,68,204
4256,2064,3,2,1550,3100
4257,2064,9,4,75,300
4258,2065,8,1,27,27
4259,2065,28,2,25,50
4260,2065,5,5,22,110
4261,2065,31,3,190,570
4262,2065,27,2,45,90
4263,2065,34,3,3,9
4264,2066,37,2,50,100
4265,2067,26,5,50,250
4266,2067,32,4,165,660
4267,2067,35,5,72,360
4268,2067,33,4,78,312
4269,2067,5,4,22,88
4270,2067,11,5,9,45
4271,2068,14,5,40,200
4272,2068,12,2,15,30
4273,2068,1,5,260,1300
4274,2069,1,2,260,520
4275,2069,33,3,78,234
4276,2069,30,3,115,345
4277,2069,39,5,14,70
4278,2069,34,1,3,3
4279,2069,17,2,42,84
4280,2070,3,2,1550,3100
4281,2070,35,1,72,72
4282,2071,9,2,75,150
4283,2071,18,5,36,180
4284,2071,4,1,55,55
4285,2072,23,3,18,54
4286,2073,6,4,58,232
4287,2073,36,5,9,45
4288,2073,17,3,42,126
4289,2074,4,3,55,165
4290,2074,1,2,260,520
4291,2074,23,3,18,54
4292,2075,35,1,72,72
4293,2076,25,3,20,60
4294,2076,17,2,42,84
4295,2076,36,5,9,45
4296,2076,14,4,40,160
4297,2076,29,1,240,240
4298,2076,15,4,32,128
4299,2077,28,4,25,100
4300,2077,24,1,92,92
4301,2078,12,2,15,30
4302,2078,30,3,115,345
4303,2078,13,1,780,780
4304,2078,37,3,50,150
4305,2079,12,2,15,30
4306,2079,26,1,50,50
4307,2080,5,4,22,88
4308,2080,28,4,25,100
4309,2081,34,1,3,3
4310,2082,7,2,95,190
4311,2082,25,2,20,40
4312,2082,2,1,320,320
4313,2082,8,3,27,81
4314,2082,1,2,260,520
4315,2083,39,2,14,28
4316,2083,1,2,260,520
4317,2083,40,4,26,104
4318,2083,7,5,95,475
4319,2083,35,4,72,288
4320,2083,22,2,48,96
4321,2084,22,1,48,48
4322,2084,31,5,190,950
4323,2084,10,3,68,204
4324,2085,35,1,72,72
4325,2085,8,5,27,135
4326,2085,2,4,320,1280
4327,2085,3,1,1550,1550
4328,2085,7,1,95,95
4329,2085,40,2,26,52
4330,2086,15,4,32,128
4331,2087,23,4,18,72
4332,2087,19,1,30,30
4333,2088,15,3,32,96
4334,2089,5,3,22,66
4335,2089,40,1,26,26
4336,2089,22,1,48,48
4337,2090,10,2,68,136
4338,2090,12,4,15,60
4339,2090,28,2,25,50
4340,2090,34,3,3,9
4341,2090,22,5,48,240
4342,2091,19,1,30,30
4343,2091,23,2,18,36
4344,2091,7,2,95,190
4345,2091,18,3,36,108
4346,2091,32,2,165,330
4347,2091,24,4,92,368
4348,2091,17,4,42,168
4349,2092,31,1,190,190
4350,2092,5,3,22,66
4351,2092,8,2,27,54
4352,2092,37,2,50,100
4353,2092,28,4,25,100
4354,2092,18,3,36,108
4355,2093,32,5,165,825
4356,2093,28,3,25,75
4357,2093,31,2,190,380
4358,2094,16,5,30,150
4359,2094,25,2,20,40
4360,2094,27,4,45,180
4361,2094,36,1,9,9
4362,2094,32,5,165,825
4363,2094,35,4,72,288
4364,2094,37,5,50,250
4365,2095,15,1,32,32
4366,2095,6,3,58,174
4367,2095,16,5,30,150
4368,2095,24,4,92,368
4369,2095,1,2,260,520
4370,2096,4,3,55,165
4371,2097,9,2,75,150
4372,2097,19,1,30,30
4373,2097,30,2,115,230
4374,2097,10,1,68,68
4375,2097,36,2,9,18
4376,2097,27,4,45,180
4377,2097,16,1,30,30
4378,2098,28,2,25,50
4379,2098,24,1,92,92
4380,2098,4,2,55,110
4381,2098,7,3,95,285
4382,2098,5,2,22,44
4383,2098,31,1,190,190
4384,2099,5,4,22,88
4385,2099,1,2,260,520
4386,2100,12,4,15,60
4387,2100,31,1,190,190
4388,2100,9,3,75,225
4389,2100,34,1,3,3
4390,2100,20,2,78,156
4391,2100,39,1,14,14
4392,2100,27,1,45,45
4393,2101,12,4,15,60
4394,2101,33,5,78,390
4395,2101,11,3,9,27
4396,2101,1,5,260,1300
4397,2101,26,5,50,250
4398,2102,15,1,32,32
4399,2102,28,5,25,125
4400,2102,11,4,9,36
4401,2103,14,5,40,200
4402,2103,26,1,50,50
4403,2103,4,4,55,220
4404,2103,15,4,32,128
4405,2103,39,3,14,42
4406,2103,12,4,15,60
4407,2104,25,1,20,20
4408,2104,11,1,9,9
4409,2104,4,3,55,165
4410,2104,24,5,92,460
4411,2104,28,3,25,75
4412,2104,13,1,780,780
4413,2104,18,2,36,72
4414,2105,11,2,9,18
4415,2105,35,5,72,360
4416,2105,7,1,95,95
4417,2106,20,5,78,390
4418,2106,13,1,780,780
4419,2106,36,5,9,45
4420,2106,39,4,14,56
4421,2106,3,1,1550,1550
4422,2106,16,1,30,30
4423,2106,18,3,36,108
4424,2107,20,3,78,234
4425,2108,19,1,30,30
4426,2108,26,3,50,150
4427,2108,33,4,78,312
4428,2108,13,1,780,780
4429,2108,21,5,40,200
4430,2108,39,2,14,28
4431,2108,23,1,18,18
4432,2109,25,2,20,40
4433,2109,31,4,190,760
4434,2109,38,1,44,44
4435,2109,3,1,1550,1550
4436,2109,19,2,30,60
4437,2110,10,5,68,340
4438,2110,11,5,9,45
4439,2111,34,5,3,15
4440,2111,22,4,48,192
4441,2111,29,1,240,240
4442,2111,9,4,75,300
4443,2111,39,2,14,28
4444,2111,19,2,30,60
4445,2112,5,2,22,44
4446,2112,10,3,68,204
4447,2112,37,5,50,250
4448,2112,32,1,165,165
4449,2112,7,4,95,380
4450,2113,30,2,115,230
4451,2114,11,3,9,27
4452,2114,5,3,22,66
4453,2114,18,1,36,36
4454,2115,12,3,15,45
4455,2116,17,4,42,168
4456,2116,29,1,240,240
4457,2116,9,3,75,225
4458,2116,8,3,27,81
4459,2117,27,5,45,225
4460,2117,40,5,26,130
4461,2117,9,3,75,225
4462,2117,29,2,240,480
4463,2118,27,4,45,180
4464,2119,3,1,1550,1550
4465,2119,40,2,26,52
4466,2119,4,1,55,55
4467,2120,25,1,20,20
4468,2120,11,2,9,18
4469,2120,37,4,50,200
4470,2121,30,1,115,115
4471,2121,6,2,58,116
4472,2121,23,1,18,18
4473,2121,40,4,26,104
4474,2121,37,4,50,200
4475,2121,35,2,72,144
4476,2121,36,4,9,36
4477,2122,5,4,22,88
4478,2122,21,2,40,80
4479,2122,22,4,48,192
4480,2123,18,1,36,36
4481,2124,31,3,190,570
4482,2124,10,5,68,340
4483,2125,39,1,14,14
4484,2126,24,3,92,276
4485,2126,28,3,25,75
4486,2126,31,2,190,380
4487,2126,14,1,40,40
4488,2126,4,2,55,110
4489,2126,37,1,50,50
4490,2126,2,3,320,960
4491,2127,6,2,58,116
4492,2127,20,3,78,234
4493,2127,29,1,240,240
4494,2127,27,1,45,45
4495,2128,28,3,25,75
4496,2129,13,2,780,1560
4497,2129,23,4,18,72
4498,2130,11,5,9,45
4499,2130,28,5,25,125
4500,2130,23,2,18,36
4501,2130,37,1,50,50
4502,2130,25,5,20,100
4503,2131,10,1,68,68
4504,2131,21,4,40,160
4505,2131,1,3,260,780
4506,2131,30,5,115,575
4507,2131,32,1,165,165
4508,2132,9,2,75,150
4509,2132,29,1,240,240
4510,2132,38,4,44,176
4511,2132,7,5,95,475
4512,2133,11,1,9,9
4513,2133,39,3,14,42
4514,2133,25,3,20,60
4515,2133,14,1,40,40
4516,2133,23,3,18,54
4517,2133,37,3,50,150
4518,2133,13,1,780,780
4519,2134,32,4,165,660
4520,2134,30,5,115,575
4521,2134,27,3,45,135
4522,2134,38,1,44,44
4523,2134,23,2,18,36
4524,2134,36,4,9,36
4525,2135,24,5,92,460
4526,2135,12,4,15,60
4527,2135,36,4,9,36
4528,2135,39,3,14,42
4529,2136,28,5,25,125
4530,2136,19,4,30,120
4531,2136,7,1,95,95
4532,2136,6,4,58,232
4533,2136,38,5,44,220
4534,2136,37,5,50,250
4535,2137,29,1,240,240
4536,2138,19,2,30,60
4537,2138,27,4,45,180
4538,2138,14,1,40,40
4539,2138,15,3,32,96
4540,2138,30,4,115,460
4541,2138,25,4,20,80
4542,2139,26,3,50,150
4543,2139,1,4,260,1040
4544,2139,24,2,92,184
4545,2139,15,1,32,32
4546,2139,33,4,78,312
4547,2139,19,1,30,30
4548,2139,18,1,36,36
4549,2140,10,5,68,340
4550,2141,39,5,14,70
4551,2141,21,4,40,160
4552,2141,22,1,48,48
4553,2141,11,5,9,45
4554,2141,28,4,25,100
4555,2141,16,2,30,60
4556,2141,26,4,50,200
4557,2142,12,1,15,15
4558,2142,26,2,50,100
4559,2142,21,5,40,200
4560,2142,34,1,3,3
4561,2142,11,5,9,45
4562,2142,28,4,25,100
4563,2143,17,4,42,168
4564,2143,36,1,9,9
4565,2143,11,5,9,45
4566,2143,21,2,40,80
4567,2143,14,1,40,40
4568,2143,6,5,58,290
4569,2143,35,5,72,360
4570,2144,37,1,50,50
4571,2145,9,2,75,150
4572,2145,30,5,115,575
4573,2145,23,2,18,36
4574,2145,12,4,15,60
4575,2145,16,3,30,90
4576,2145,15,1,32,32
4577,2146,6,1,58,58
4578,2146,10,1,68,68
4579,2146,2,4,320,1280
4580,2147,8,1,27,27
4581,2147,7,1,95,95
4582,2147,10,4,68,272
4583,2147,19,3,30,90
4584,2147,17,2,42,84
4585,2148,7,4,95,380
4586,2148,32,1,165,165
4587,2148,2,2,320,640
4588,2148,27,4,45,180
4589,2149,21,1,40,40
4590,2149,29,1,240,240
4591,2149,11,5,9,45
4592,2149,12,5,15,75
4593,2150,8,3,27,81
4594,2151,40,5,26,130
4595,2151,39,3,14,42
4596,2151,35,1,72,72
4597,2151,1,2,260,520
4598,2152,2,3,320,960
4599,2152,35,1,72,72
4600,2152,34,2,3,6
4601,2152,33,1,78,78
4602,2152,10,3,68,204
4603,2153,15,3,32,96
4604,2153,6,3,58,174
4605,2154,13,2,780,1560
4606,2154,6,4,58,232
4607,2154,23,4,18,72
4608,2154,36,5,9,45
4609,2155,13,1,780,780
4610,2155,17,5,42,210
4611,2155,12,5,15,75
4612,2155,18,3,36,108
4613,2156,14,4,40,160
4614,2156,32,4,165,660
4615,2157,18,4,36,144
4616,2157,21,2,40,80
4617,2157,40,5,26,130
4618,2157,7,3,95,285
4619,2157,39,3,14,42
4620,2158,5,4,22,88
4621,2158,29,2,240,480
4622,2158,11,5,9,45
4623,2158,3,2,1550,3100
4624,2158,33,4,78,312
4625,2158,17,1,42,42
4626,2159,12,4,15,60
4627,2160,12,3,15,45
4628,2160,23,1,18,18
4629,2160,16,1,30,30
4630,2160,5,3,22,66
4631,2160,14,1,40,40
4632,2160,24,3,92,276
4633,2160,35,2,72,144
4634,2161,37,4,50,200
4635,2161,21,3,40,120
4636,2161,15,5,32,160
4637,2161,36,2,9,18
4638,2162,14,5,40,200
4639,2162,7,4,95,380
4640,2162,36,4,9,36
4641,2162,18,3,36,108
4642,2162,39,3,14,42
4643,2163,13,2,780,1560
4644,2163,4,1,55,55
4645,2164,8,2,27,54
4646,2165,21,3,40,120
4647,2165,38,1,44,44
4648,2165,25,5,20,100
4649,2165,16,1,30,30
4650,2165,37,4,50,200
4651,2166,9,5,75,375
4652,2166,26,1,50,50
4653,2166,3,2,1550,3100
4654,2167,2,3,320,960
4655,2167,5,3,22,66
4656,2167,31,4,190,760
4657,2167,7,1,95,95
4658,2167,27,5,45,225
4659,2167,20,3,78,234
4660,2168,40,4,26,104
4661,2168,4,1,55,55
4662,2168,26,3,50,150
4663,2168,20,5,78,390
4664,2169,2,1,320,320
4665,2170,1,2,260,520
4666,2170,9,3,75,225
4667,2170,7,5,95,475
4668,2170,21,1,40,40
4669,2170,28,1,25,25
4670,2170,15,3,32,96
4671,2170,11,1,9,9
4672,2171,4,1,55,55
4673,2172,22,2,48,96
4674,2172,40,2,26,52
4675,2172,25,5,20,100
4676,2173,8,4,27,108
4677,2173,9,4,75,300
4678,2173,21,1,40,40
4679,2173,10,5,68,340
4680,2174,16,4,30,120
4681,2174,37,2,50,100
4682,2174,31,1,190,190
4683,2174,32,3,165,495
4684,2174,18,3,36,108
4685,2175,6,4,58,232
4686,2175,23,1,18,18
4687,2175,36,2,9,18
4688,2175,16,1,30,30
4689,2175,14,2,40,80
4690,2175,5,4,22,88
4691,2176,25,3,20,60
4692,2176,13,2,780,1560
4693,2176,32,4,165,660
4694,2176,7,2,95,190
4695,2176,22,5,48,240
4696,2176,14,1,40,40
4697,2176,34,2,3,6
4698,2177,24,5,92,460
4699,2177,25,5,20,100
4700,2178,26,3,50,150
4701,2178,13,2,780,1560
4702,2179,20,2,78,156
4703,2179,37,4,50,200
4704,2180,30,3,115,345
4705,2181,31,4,190,760
4706,2182,17,3,42,126
4707,2182,8,4,27,108
4708,2182,36,2,9,18
4709,2183,26,5,50,250
4710,2183,33,3,78,234
4711,2184,29,2,240,480
4712,2185,4,4,55,220
4713,2186,19,2,30,60
4714,2186,13,2,780,1560
4715,2187,39,2,14,28
4716,2187,32,1,165,165
4717,2187,34,2,3,6
4718,2187,28,1,25,25
4719,2187,7,1,95,95
4720,2188,37,2,50,100
4721,2189,35,3,72,216
4722,2190,40,4,26,104
4723,2190,26,1,50,50
4724,2191,18,2,36,72
4725,2191,32,2,165,330
4726,2192,19,2,30,60
4727,2192,39,5,14,70
4728,2192,1,5,260,1300
4729,2193,20,2,78,156
4730,2193,16,2,30,60
4731,2193,11,3,9,27
4732,2193,21,4,40,160
4733,2194,1,3,260,780
4734,2194,31,1,190,190
4735,2195,17,1,42,42
4736,2195,5,5,22,110
4737,2196,31,2,190,380
4738,2196,38,4,44,176
4739,2196,1,1,260,260
4740,2197,2,3,320,960
4741,2198,33,4,78,312
4742,2198,11,4,9,36
4743,2198,10,3,68,204
4744,2198,7,5,95,475
4745,2198,20,3,78,234
4746,2199,32,3,165,495
4747,2199,17,5,42,210
4748,2199,24,5,92,460
4749,2199,30,4,115,460
4750,2199,1,1,260,260
4751,2199,23,3,18,54
4752,2200,34,4,3,12
4753,2200,2,1,320,320
4754,2200,10,2,68,136
4755,2200,27,5,45,225
4756,2200,15,4,32,128
4757,2200,38,3,44,132
4758,2201,6,1,58,58
4759,2201,13,2,780,1560
4760,2202,35,4,72,288
4761,2202,29,2,240,480
4762,2202,34,3,3,9
4763,2202,12,3,15,45
4764,2202,17,2,42,84
4765,2202,23,1,18,18
4766,2203,34,5,3,15
4767,2203,22,3,48,144
4768,2203,40,3,26,78
4769,2203,8,1,27,27
4770,2203,28,1,25,25
4771,2204,10,5,68,340
4772,2204,30,2,115,230
4773,2204,34,3,3,9
4774,2204,19,4,30,120
4775,2205,5,1,22,22
4776,2205,19,2,30,60
4777,2205,1,3,260,780
4778,2206,38,1,44,44
4779,2206,8,1,27,27
4780,2206,4,3,55,165
4781,2206,32,2,165,330
4782,2206,20,3,78,234
4783,2206,1,3,260,780
4784,2206,28,5,25,125
4785,2207,36,5,9,45
4786,2207,10,1,68,68
4787,2207,6,3,58,174
4788,2207,18,2,36,72
4789,2207,39,1,14,14
4790,2207,13,2,780,1560
4791,2208,16,1,30,30
4792,2208,25,3,20,60
4793,2208,28,3,25,75
4794,2209,20,2,78,156
4795,2209,12,2,15,30
4796,2209,37,3,50,150
4797,2209,28,2,25,50
4798,2209,21,4,40,160
4799,2210,13,1,780,780
4800,2210,20,4,78,312
4801,2210,6,4,58,232
4802,2210,37,1,50,50
4803,2210,30,2,115,230
4804,2211,29,2,240,480
4805,2211,21,4,40,160
4806,2211,33,4,78,312
4807,2211,23,4,18,72
4808,2211,30,4,115,460
4809,2212,36,4,9,36
4810,2213,9,3,75,225
4811,2214,16,4,30,120
4812,2214,38,2,44,88
4813,2214,33,4,78,312
4814,2214,24,1,92,92
4815,2214,9,4,75,300
4816,2214,35,5,72,360
4817,2214,19,4,30,120
4818,2215,4,5,55,275
4819,2215,6,4,58,232
4820,2215,40,3,26,78
4821,2215,18,1,36,36
4822,2215,7,1,95,95
4823,2215,22,5,48,240
4824,2215,36,5,9,45
4825,2216,4,2,55,110
4826,2216,14,2,40,80
4827,2216,34,3,3,9
4828,2216,10,3,68,204
4829,2216,36,1,9,9
4830,2216,32,4,165,660
4831,2217,13,1,780,780
4832,2217,8,5,27,135
4833,2217,5,1,22,22
4834,2217,1,2,260,520
4835,2217,10,2,68,136
4836,2218,31,5,190,950
4837,2219,8,4,27,108
4838,2220,12,4,15,60
4839,2220,16,5,30,150
4840,2220,35,1,72,72
4841,2220,17,4,42,168
4842,2221,2,2,320,640
4843,2221,12,2,15,30
4844,2222,35,4,72,288
4845,2222,13,2,780,1560
4846,2222,31,3,190,570
4847,2222,19,4,30,120
4848,2222,7,4,95,380
4849,2223,7,4,95,380
4850,2223,30,1,115,115
4851,2223,27,5,45,225
4852,2223,28,4,25,100
4853,2223,10,1,68,68
4854,2223,2,5,320,1600
4855,2224,3,2,1550,3100
4856,2224,40,2,26,52
4857,2224,29,2,240,480
4858,2225,30,2,115,230
4859,2225,18,3,36,108
4860,2225,1,5,260,1300
4861,2225,11,4,9,36
4862,2225,23,5,18,90
4863,2225,33,1,78,78
4864,2226,10,3,68,204
4865,2226,23,4,18,72
4866,2227,9,4,75,300
4867,2227,18,5,36,180
4868,2227,20,2,78,156
4869,2227,26,5,50,250
4870,2227,5,5,22,110
4871,2227,31,5,190,950
4872,2228,9,3,75,225
4873,2228,21,5,40,200
4874,2228,38,5,44,220
4875,2229,26,4,50,200
4876,2229,5,4,22,88
4877,2229,3,2,1550,3100
4878,2229,2,2,320,640
4879,2229,11,2,9,18
4880,2229,15,1,32,32
4881,2229,7,2,95,190
4882,2230,25,1,20,20
4883,2230,27,4,45,180
4884,2230,5,3,22,66
4885,2230,4,5,55,275
4886,2230,17,1,42,42
4887,2230,8,2,27,54
4888,2231,7,5,95,475
4889,2231,29,1,240,240
4890,2231,25,2,20,40
4891,2232,32,2,165,330
4892,2232,29,1,240,240
4893,2232,19,4,30,120
4894,2233,34,1,3,3
4895,2233,13,2,780,1560
4896,2233,6,4,58,232
4897,2233,2,5,320,1600
4898,2233,7,5,95,475
4899,2233,14,1,40,40
4900,2233,3,2,1550,3100
4901,2234,34,2,3,6
4902,2234,32,5,165,825
4903,2235,31,4,190,760
4904,2235,33,4,78,312
4905,2235,23,1,18,18
4906,2235,38,5,44,220
4907,2235,36,1,9,9
4908,2235,9,2,75,150
4909,2235,5,5,22,110
4910,2236,7,1,95,95
4911,2236,8,5,27,135
4912,2236,32,5,165,825
4913,2237,2,4,320,1280
4914,2237,15,3,32,96
4915,2237,19,1,30,30
4916,2238,11,4,9,36
4917,2238,19,5,30,150
4918,2238,5,1,22,22
4919,2238,35,5,72,360
4920,2238,16,1,30,30
4921,2238,34,5,3,15
4922,2238,33,4,78,312
4923,2239,22,3,48,144
4924,2240,22,2,48,96
4925,2240,4,5,55,275
4926,2241,22,4,48,192
4927,2241,4,5,55,275
4928,2241,16,5,30,150
4929,2241,32,1,165,165
4930,2241,5,5,22,110
4931,2241,3,2,1550,3100
4932,2241,23,2,18,36
4933,2242,3,1,1550,1550
4934,2242,7,3,95,285
4935,2242,32,4,165,660
4936,2243,20,2,78,156
4937,2243,15,5,32,160
4938,2243,2,5,320,1600
4939,2243,4,4,55,220
4940,2244,2,4,320,1280
4941,2244,36,4,9,36
4942,2244,31,5,190,950
4943,2244,4,2,55,110
4944,2244,25,1,20,20
4945,2244,39,4,14,56
4946,2245,40,3,26,78
4947,2246,22,2,48,96
4948,2246,28,2,25,50
4949,2247,38,2,44,88
4950,2248,35,1,72,72
4951,2248,37,1,50,50
4952,2248,3,1,1550,1550
4953,2248,1,2,260,520
4954,2249,12,5,15,75
4955,2249,19,2,30,60
4956,2249,3,2,1550,3100
4957,2249,21,2,40,80
4958,2250,26,2,50,100
4959,2250,31,4,190,760
4960,2250,8,3,27,81
4961,2250,5,2,22,44
4962,2250,17,4,42,168
4963,2251,20,3,78,234
4964,2251,24,5,92,460
4965,2251,36,5,9,45
4966,2251,19,1,30,30
4967,2251,16,1,30,30
4968,2251,34,3,3,9
4969,2252,40,2,26,52
4970,2252,32,5,165,825
4971,2252,18,2,36,72
4972,2252,6,3,58,174
4973,2253,36,4,9,36
4974,2253,14,4,40,160
4975,2253,8,1,27,27
4976,2253,24,1,92,92
4977,2253,10,4,68,272
4978,2253,3,1,1550,1550
4979,2254,18,1,36,36
4980,2254,38,1,44,44
4981,2254,25,3,20,60
4982,2255,32,2,165,330
4983,2255,2,2,320,640
4984,2255,25,4,20,80
4985,2255,29,1,240,240
4986,2256,28,1,25,25
4987,2256,35,5,72,360
4988,2256,4,3,55,165
4989,2256,20,3,78,234
4990,2256,3,1,1550,1550
4991,2256,39,1,14,14
4992,2257,40,5,26,130
4993,2257,28,4,25,100
4994,2257,4,3,55,165
4995,2258,35,4,72,288
4996,2258,30,2,115,230
4997,2258,28,2,25,50
4998,2258,37,1,50,50
4999,2258,34,3,3,9
5000,2258,17,3,42,126
5001,2258,11,1,9,9
5002,2259,35,5,72,360
5003,2259,19,4,30,120
5004,2260,40,3,26,78
5005,2261,17,3,42,126
5006,2261,39,5,14,70
5007,2261,1,3,260,780
5008,2262,17,1,42,42
5009,2262,12,3,15,45
5010,2262,29,2,240,480
5011,2262,30,5,115,575
5012,2262,2,2,320,640
5013,2262,38,4,44,176
5014,2262,1,1,260,260
5015,2263,6,4,58,232
5016,2263,18,2,36,72
5017,2263,40,3,26,78
5018,2263,36,3,9,27
5019,2263,21,3,40,120
5020,2264,32,1,165,165
5021,2264,9,2,75,150
5022,2264,15,5,32,160
5023,2264,12,4,15,60
5024,2264,10,5,68,340
5025,2264,4,3,55,165
5026,2264,38,1,44,44
5027,2265,15,1,32,32
5028,2265,4,5,55,275
5029,2265,17,2,42,84
5030,2265,2,3,320,960
5031,2265,23,1,18,18
5032,2266,33,1,78,78
5033,2267,5,4,22,88
5034,2267,16,1,30,30
5035,2267,14,4,40,160
5036,2267,21,3,40,120
5037,2267,37,2,50,100
5038,2268,21,3,40,120
5039,2269,27,5,45,225
5040,2269,24,1,92,92
5041,2269,31,2,190,380
5042,2270,3,1,1550,1550
5043,2270,19,1,30,30
5044,2270,10,5,68,340
5045,2271,21,5,40,200
5046,2271,33,3,78,234
5047,2272,25,2,20,40
5048,2272,38,4,44,176
5049,2273,6,1,58,58
5050,2273,5,5,22,110
5051,2273,15,4,32,128
5052,2273,37,5,50,250
5053,2273,33,5,78,390
5054,2273,27,4,45,180
5055,2273,8,3,27,81
5056,2274,13,2,780,1560
5057,2274,37,2,50,100
5058,2274,19,3,30,90
5059,2275,30,2,115,230
5060,2275,21,4,40,160
5061,2276,27,3,45,135
5062,2276,24,4,92,368
5063,2276,6,5,58,290
5064,2276,23,2,18,36
5065,2276,36,4,9,36
5066,2276,33,4,78,312
5067,2277,9,3,75,225
5068,2277,35,1,72,72
5069,2277,16,1,30,30
5070,2277,27,4,45,180
5071,2277,40,4,26,104
5072,2277,17,5,42,210
5073,2277,19,2,30,60
5074,2278,32,1,165,165
5075,2278,13,2,780,1560
5076,2278,12,3,15,45
5077,2278,30,5,115,575
5078,2278,1,4,260,1040
5079,2279,7,2,95,190
5080,2279,9,5,75,375
5081,2279,3,2,1550,3100
5082,2279,28,4,25,100
5083,2279,2,3,320,960
5084,2279,11,2,9,18
5085,2280,36,3,9,27
5086,2280,16,5,30,150
5087,2280,19,5,30,150
5088,2280,8,5,27,135
5089,2281,3,2,1550,3100
5090,2282,27,2,45,90
5091,2282,29,1,240,240
5092,2282,28,5,25,125
5093,2282,19,5,30,150
5094,2283,10,5,68,340
5095,2284,24,5,92,460
5096,2284,30,5,115,575
5097,2284,25,3,20,60
5098,2284,21,1,40,40
5099,2284,29,1,240,240
5100,2285,32,5,165,825
5101,2285,22,5,48,240
5102,2285,4,5,55,275
5103,2286,28,1,25,25
5104,2286,19,2,30,60
5105,2286,21,4,40,160
5106,2286,25,5,20,100
5107,2286,12,3,15,45
5108,2287,40,1,26,26
5109,2287,21,3,40,120
5110,2287,7,3,95,285
5111,2287,23,4,18,72
5112,2287,19,4,30,120
5113,2288,11,5,9,45
5114,2288,19,1,30,30
5115,2289,18,2,36,72
5116,2289,10,5,68,340
5117,2290,33,4,78,312
5118,2290,11,1,9,9
5119,2290,2,3,320,960
5120,2290,3,1,1550,1550
5121,2290,35,3,72,216
5122,2290,36,5,9,45
5123,2290,13,2,780,1560
5124,2291,29,2,240,480
5125,2291,34,4,3,12
5126,2291,9,4,75,300
5127,2291,30,3,115,345
5128,2291,19,1,30,30
5129,2291,8,2,27,54
5130,2292,8,1,27,27
5131,2292,23,3,18,54
5132,2292,6,2,58,116
5133,2293,22,1,48,48
5134,2293,18,4,36,144
5135,2293,30,1,115,115
5136,2293,33,5,78,390
5137,2293,5,3,22,66
5138,2294,9,2,75,150
5139,2294,38,2,44,88
5140,2295,31,4,190,760
5141,2295,10,3,68,204
5142,2295,32,2,165,330
5143,2296,6,1,58,58
5144,2296,34,4,3,12
5145,2297,32,5,165,825
5146,2298,12,3,15,45
5147,2298,3,2,1550,3100
5148,2299,38,2,44,88
5149,2299,16,3,30,90
5150,2299,23,4,18,72
5151,2299,31,4,190,760
5152,2299,34,4,3,12
5153,2299,12,5,15,75
5154,2300,35,2,72,144
5155,2300,31,1,190,190
5156,2300,19,3,30,90
5157,2301,29,1,240,240
5158,2301,21,4,40,160
5159,2301,16,3,30,90
5160,2301,28,1,25,25
5161,2302,26,5,50,250
5162,2302,9,4,75,300
5163,2302,31,2,190,380
5164,2303,19,5,30,150
5165,2304,27,3,45,135
5166,2304,4,3,55,165
5167,2305,21,1,40,40
5168,2305,27,3,45,135
5169,2305,26,4,50,200
5170,2305,29,1,240,240
5171,2305,28,3,25,75
5172,2305,38,1,44,44
5173,2306,29,1,240,240
5174,2306,27,5,45,225
5175,2306,15,2,32,64
5176,2307,8,3,27,81
5177,2307,22,3,48,144
5178,2307,9,5,75,375
5179,2307,35,1,72,72
5180,2307,2,1,320,320
5181,2307,36,5,9,45
5182,2307,25,2,20,40
5183,2308,35,4,72,288
5184,2308,13,1,780,780
5185,2308,11,3,9,27
5186,2309,11,1,9,9
5187,2309,24,5,92,460
5188,2309,22,1,48,48
5189,2309,27,5,45,225
5190,2309,14,4,40,160
5191,2309,16,4,30,120
5192,2309,1,1,260,260
5193,2310,15,1,32,32
5194,2311,8,3,27,81
5195,2311,25,1,20,20
5196,2311,26,1,50,50
5197,2312,33,1,78,78
5198,2313,35,2,72,144
5199,2314,38,2,44,88
5200,2315,39,4,14,56
5201,2315,20,2,78,156
5202,2315,21,1,40,40
5203,2315,28,3,25,75
5204,2315,33,5,78,390
5205,2315,2,4,320,1280
5206,2315,40,4,26,104
5207,2316,28,5,25,125
5208,2316,6,3,58,174
5209,2316,15,4,32,128
5210,2317,35,1,72,72
5211,2317,33,4,78,312
5212,2317,16,4,30,120
5213,2318,35,5,72,360
5214,2318,7,1,95,95
5215,2318,29,2,240,480
5216,2319,15,1,32,32
5217,2319,29,1,240,240
5218,2319,24,5,92,460
5219,2319,31,2,190,380
5220,2319,7,2,95,190
5221,2319,20,4,78,312
5222,2319,22,5,48,240
5223,2320,6,5,58,290
5224,2320,10,4,68,272
5225,2321,37,3,50,150
5226,2321,15,3,32,96
5227,2321,4,2,55,110
5228,2321,32,1,165,165
5229,2321,17,3,42,126
5230,2322,37,4,50,200
5231,2322,39,5,14,70
5232,2322,27,4,45,180
5233,2322,1,3,260,780
5234,2322,18,2,36,72
5235,2322,14,3,40,120
5236,2323,31,4,190,760
5237,2323,33,1,78,78
5238,2323,36,4,9,36
5239,2323,6,2,58,116
5240,2324,1,1,260,260
5241,2324,11,4,9,36
5242,2324,34,4,3,12
5243,2324,8,2,27,54
5244,2324,39,5,14,70
5245,2324,13,2,780,1560
5246,2324,29,1,240,240
5247,2325,36,3,9,27
5248,2325,27,3,45,135
5249,2325,26,5,50,250
5250,2325,1,3,260,780
5251,2325,19,5,30,150
5252,2325,8,3,27,81
5253,2326,11,3,9,27
5254,2326,10,5,68,340
5255,2326,19,5,30,150
5256,2326,34,3,3,9
5257,2326,14,4,40,160
5258,2327,14,4,40,160
5259,2327,22,1,48,48
5260,2327,9,3,75,225
5261,2327,11,4,9,36
5262,2328,10,1,68,68
5263,2328,31,3,190,570
5264,2329,13,1,780,780
5265,2329,40,5,26,130
5266,2329,7,4,95,380
5267,2329,35,5,72,360
5268,2329,30,2,115,230
5269,2329,22,1,48,48
5270,2330,23,3,18,54
5271,2330,1,3,260,780
5272,2331,28,5,25,125
5273,2331,38,2,44,88
5274,2331,20,1,78,78
5275,2331,24,2,92,184
5276,2331,26,3,50,150
5277,2331,17,2,42,84
5278,2331,13,2,780,1560
5279,2332,7,5,95,475
5280,2332,9,5,75,375
5281,2332,34,5,3,15
5282,2332,38,3,44,132
5283,2332,25,5,20,100
5284,2333,31,5,190,950
5285,2333,14,2,40,80
5286,2333,11,2,9,18
5287,2333,1,2,260,520
5288,2333,15,4,32,128
5289,2333,39,1,14,14
5290,2334,5,4,22,88
5291,2334,4,4,55,220
5292,2334,9,4,75,300
5293,2335,20,5,78,390
5294,2335,33,4,78,312
5295,2335,8,4,27,108
5296,2336,25,5,20,100
5297,2336,31,2,190,380
5298,2336,23,2,18,36
5299,2336,20,3,78,234
5300,2336,34,2,3,6
5301,2336,21,4,40,160
5302,2336,36,5,9,45
5303,2337,32,3,165,495
5304,2337,17,2,42,84
5305,2337,8,1,27,27
5306,2337,36,3,9,27
5307,2338,30,2,115,230
5308,2338,23,1,18,18
5309,2338,28,2,25,50
5310,2338,14,4,40,160
5311,2338,36,3,9,27
5312,2338,13,1,780,780
5313,2338,25,1,20,20
5314,2339,20,1,78,78
5315,2339,22,5,48,240
5316,2339,7,3,95,285
5317,2339,24,1,92,92
5318,2339,17,3,42,126
5319,2340,31,1,190,190
5320,2340,26,4,50,200
5321,2340,3,2,1550,3100
5322,2340,17,4,42,168
5323,2340,18,2,36,72
5324,2340,4,4,55,220
5325,2341,35,2,72,144
5326,2341,7,1,95,95
5327,2341,3,2,1550,3100
5328,2341,24,1,92,92
5329,2341,2,1,320,320
5330,2341,10,4,68,272
5331,2342,4,1,55,55
5332,2342,21,3,40,120
5333,2342,7,3,95,285
5334,2342,35,2,72,144
5335,2342,18,5,36,180
5336,2342,13,2,780,1560
5337,2343,1,5,260,1300
5338,2343,26,2,50,100
5339,2343,27,3,45,135
5340,2343,4,1,55,55
5341,2343,5,2,22,44
5342,2344,3,2,1550,3100
5343,2344,18,2,36,72
5344,2344,39,1,14,14
5345,2344,13,2,780,1560
5346,2345,36,4,9,36
5347,2345,23,5,18,90
5348,2345,8,1,27,27
5349,2346,30,1,115,115
5350,2346,6,2,58,116
5351,2346,8,1,27,27
5352,2346,12,2,15,30
5353,2346,21,3,40,120
5354,2347,6,3,58,174
5355,2347,16,1,30,30
5356,2347,20,4,78,312
5357,2347,13,2,780,1560
5358,2348,37,2,50,100
5359,2348,21,2,40,80
5360,2349,13,2,780,1560
5361,2349,12,3,15,45
5362,2349,19,1,30,30
5363,2350,23,2,18,36
5364,2350,38,1,44,44
5365,2350,24,5,92,460
5366,2350,34,4,3,12
5367,2351,35,4,72,288
5368,2351,37,3,50,150
5369,2352,19,5,30,150
5370,2352,14,2,40,80
5371,2352,22,3,48,144
5372,2352,33,2,78,156
5373,2352,36,4,9,36
5374,2352,18,3,36,108
5375,2353,8,2,27,54
5376,2354,9,5,75,375
5377,2354,30,4,115,460
5378,2354,38,5,44,220
5379,2354,21,1,40,40
5380,2355,7,4,95,380
5381,2355,23,4,18,72
5382,2355,1,3,260,780
5383,2356,7,2,95,190
5384,2356,12,4,15,60
5385,2356,23,5,18,90
5386,2357,2,4,320,1280
5387,2357,29,2,240,480
5388,2358,26,4,50,200
5389,2358,31,3,190,570
5390,2358,16,1,30,30
5391,2358,17,2,42,84
5392,2358,24,5,92,460
5393,2358,22,1,48,48
5394,2359,28,1,25,25
5395,2359,18,2,36,72
5396,2359,37,5,50,250
5397,2359,26,2,50,100
5398,2360,39,2,14,28
5399,2360,34,2,3,6
5400,2360,13,2,780,1560
5401,2361,4,4,55,220
5402,2361,6,1,58,58
5403,2361,20,2,78,156
5404,2361,10,2,68,136
5405,2361,23,2,18,36
5406,2361,30,3,115,345
5407,2361,26,3,50,150
5408,2362,12,2,15,30
5409,2363,16,3,30,90
5410,2363,10,1,68,68
5411,2363,36,4,9,36
5412,2363,24,5,92,460
5413,2363,1,4,260,1040
5414,2363,31,2,190,380
5415,2364,25,2,20,40
5416,2364,30,3,115,345
5417,2364,16,2,30,60
5418,2364,7,4,95,380
5419,2365,21,5,40,200
5420,2365,19,1,30,30
5421,2365,28,2,25,50
5422,2365,26,5,50,250
5423,2365,35,2,72,144
5424,2365,5,2,22,44
5425,2365,23,3,18,54
5426,2366,22,5,48,240
5427,2366,33,4,78,312
5428,2366,1,1,260,260
5429,2367,15,4,32,128
5430,2367,9,1,75,75
5431,2367,32,3,165,495
5432,2367,13,2,780,1560
5433,2367,3,1,1550,1550
5434,2367,14,4,40,160
5435,2368,19,4,30,120
5436,2368,20,1,78,78
5437,2369,27,5,45,225
5438,2369,12,1,15,15
5439,2369,11,4,9,36
5440,2370,6,5,58,290
5441,2370,23,5,18,90
5442,2370,7,4,95,380
5443,2370,26,4,50,200
5444,2370,1,1,260,260
5445,2370,11,4,9,36
5446,2370,21,4,40,160
5447,2371,4,5,55,275
5448,2371,20,4,78,312
5449,2371,28,5,25,125
5450,2371,17,3,42,126
5451,2372,31,4,190,760
5452,2372,22,1,48,48
5453,2372,35,2,72,144
5454,2372,24,1,92,92
5455,2372,8,3,27,81
5456,2372,12,5,15,75
5457,2372,28,3,25,75
5458,2373,33,4,78,312
5459,2373,40,1,26,26
5460,2374,19,3,30,90
5461,2374,3,1,1550,1550
5462,2374,8,5,27,135
5463,2374,32,3,165,495
5464,2375,28,5,25,125
5465,2375,22,3,48,144
5466,2375,19,2,30,60
5467,2376,23,3,18,54
5468,2376,27,3,45,135
5469,2376,2,1,320,320
5470,2377,8,2,27,54
5471,2377,23,1,18,18
5472,2377,3,1,1550,1550
5473,2377,35,2,72,144
5474,2377,26,2,50,100
5475,2378,18,5,36,180
5476,2378,23,5,18,90
5477,2378,30,4,115,460
5478,2378,40,1,26,26
5479,2379,21,1,40,40
5480,2380,39,5,14,70
5481,2380,7,1,95,95
5482,2381,20,2,78,156
5483,2381,28,3,25,75
5484,2381,26,1,50,50
5485,2382,28,2,25,50
5486,2382,8,1,27,27
5487,2382,13,2,780,1560
5488,2382,37,5,50,250
5489,2382,17,4,42,168
5490,2382,20,2,78,156
5491,2382,33,4,78,312
5492,2383,12,5,15,75
5493,2383,18,4,36,144
5494,2383,33,2,78,156
5495,2384,19,2,30,60
5496,2384,18,3,36,108
5497,2384,1,3,260,780
5498,2384,27,4,45,180
5499,2384,14,5,40,200
5500,2384,2,3,320,960
5501,2385,15,1,32,32
5502,2386,21,3,40,120
5503,2386,15,5,32,160
5504,2386,5,4,22,88
5505,2386,19,4,30,120
5506,2386,30,5,115,575
5507,2386,27,1,45,45
5508,2387,22,2,48,96
5509,2387,21,4,40,160
5510,2387,23,4,18,72
5511,2388,35,3,72,216
5512,2388,11,4,9,36
5513,2389,37,4,50,200
5514,2390,23,3,18,54
5515,2390,6,3,58,174
5516,2390,14,4,40,160
5517,2390,34,4,3,12
5518,2390,24,1,92,92
5519,2391,40,5,26,130
5520,2391,38,3,44,132
5521,2392,28,2,25,50
5522,2392,27,4,45,180
5523,2392,2,5,320,1600
5524,2392,19,2,30,60
5525,2392,36,4,9,36
5526,2393,8,2,27,54
5527,2393,7,2,95,190
5528,2393,26,4,50,200
5529,2393,14,5,40,200
5530,2393,37,4,50,200
5531,2394,14,3,40,120
5532,2394,27,3,45,135
5533,2394,39,1,14,14
5534,2395,21,4,40,160
5535,2395,33,4,78,312
5536,2395,35,3,72,216
5537,2395,38,4,44,176
5538,2395,26,2,50,100
5539,2395,15,2,32,64
5540,2396,19,2,30,60
5541,2396,1,1,260,260
5542,2396,35,4,72,288
5543,2396,22,5,48,240
5544,2397,27,5,45,225
5545,2397,40,5,26,130
5546,2397,39,5,14,70
5547,2397,13,1,780,780
5548,2397,2,5,320,1600
5549,2397,15,5,32,160
5550,2398,2,5,320,1600
5551,2398,21,4,40,160
5552,2398,40,1,26,26
5553,2398,16,3,30,90
5554,2399,39,5,14,70
5555,2400,13,2,780,1560
5556,2400,11,2,9,18
5557,2400,30,3,115,345
5558,2400,24,2,92,184
5559,2400,16,3,30,90
5560,2401,2,5,320,1600
5561,2402,30,2,115,230
5562,2402,16,4,30,120
5563,2402,39,5,14,70
5564,2402,29,1,240,240
5565,2403,39,4,14,56
5566,2403,22,5,48,240
5567,2403,11,4,9,36
5568,2403,16,4,30,120
5569,2403,30,1,115,115
5570,2403,5,4,22,88
5571,2403,1,3,260,780
5572,2404,35,3,72,216
5573,2404,8,4,27,108
5574,2404,40,1,26,26
5575,2404,2,3,320,960
5576,2404,29,2,240,480
5577,2404,31,5,190,950
5578,2405,29,1,240,240
5579,2405,28,2,25,50
5580,2405,8,3,27,81
5581,2405,7,4,95,380
5582,2405,10,3,68,204
5583,2405,17,2,42,84
5584,2406,31,1,190,190
5585,2406,14,3,40,120
5586,2407,5,4,22,88
5587,2407,30,3,115,345
5588,2407,32,4,165,660
5589,2407,16,3,30,90
5590,2407,17,5,42,210
5591,2407,22,3,48,144
5592,2408,3,1,1550,1550
5593,2408,9,3,75,225
5594,2408,10,5,68,340
5595,2408,34,3,3,9
5596,2408,19,3,30,90
5597,2409,11,4,9,36
5598,2409,37,3,50,150
5599,2409,20,2,78,156
5600,2410,9,2,75,150
5601,2410,10,5,68,340
5602,2410,19,3,30,90
5603,2410,25,2,20,40
5604,2410,17,5,42,210
5605,2410,15,1,32,32
5606,2411,33,5,78,390
5607,2411,34,5,3,15
5608,2411,26,3,50,150
5609,2411,31,5,190,950
5610,2411,11,3,9,27
5611,2411,23,4,18,72
5612,2412,32,1,165,165
5613,2412,11,3,9,27
5614,2412,34,2,3,6
5615,2412,31,3,190,570
5616,2412,12,2,15,30
5617,2412,37,2,50,100
5618,2412,25,2,20,40
5619,2413,39,4,14,56
5620,2413,8,4,27,108
5621,2413,13,1,780,780
5622,2414,34,5,3,15
5623,2414,15,1,32,32
5624,2414,13,2,780,1560
5625,2414,24,5,92,460
5626,2414,3,1,1550,1550
5627,2414,26,1,50,50
5628,2414,7,4,95,380
5629,2415,34,2,3,6
5630,2415,16,1,30,30
5631,2415,17,5,42,210
5632,2415,12,3,15,45
5633,2415,15,5,32,160
5634,2416,6,5,58,290
5635,2416,13,2,780,1560
5636,2416,5,1,22,22
5637,2417,15,5,32,160
5638,2417,16,4,30,120
5639,2418,7,2,95,190
5640,2418,35,4,72,288
5641,2418,4,1,55,55
5642,2418,21,4,40,160
5643,2419,31,1,190,190
5644,2420,38,1,44,44
5645,2420,14,5,40,200
5646,2420,39,4,14,56
5647,2420,32,1,165,165
5648,2420,20,4,78,312
5649,2421,13,1,780,780
5650,2421,38,3,44,132
5651,2421,30,5,115,575
5652,2421,1,4,260,1040
5653,2421,17,5,42,210
5654,2421,27,3,45,135
5655,2421,18,3,36,108
5656,2422,35,5,72,360
5657,2422,16,5,30,150
5658,2422,22,3,48,144
5659,2423,29,2,240,480
5660,2423,8,4,27,108
5661,2423,12,2,15,30
5662,2423,32,2,165,330
5663,2423,1,1,260,260
5664,2423,21,4,40,160
5665,2424,20,1,78,78
5666,2424,7,2,95,190
5667,2424,29,1,240,240
5668,2424,22,3,48,144
5669,2424,35,5,72,360
5670,2424,12,3,15,45
5671,2425,34,5,3,15
5672,2425,31,2,190,380
5673,2425,7,5,95,475
5674,2426,11,2,9,18
5675,2426,13,1,780,780
5676,2426,26,3,50,150
5677,2427,31,4,190,760
5678,2427,39,3,14,42
5679,2427,27,3,45,135
5680,2427,18,2,36,72
5681,2427,15,3,32,96
5682,2428,23,4,18,72
5683,2428,21,5,40,200
5684,2428,29,2,240,480
5685,2429,27,3,45,135
5686,2429,1,1,260,260
5687,2429,26,2,50,100
5688,2429,4,2,55,110
5689,2429,40,3,26,78
5690,2429,23,3,18,54
5691,2429,9,3,75,225
5692,2430,21,4,40,160
5693,2431,36,5,9,45
5694,2431,13,2,780,1560
5695,2431,14,3,40,120
5696,2432,5,2,22,44
5697,2433,31,4,190,760
5698,2433,38,2,44,88
5699,2433,3,2,1550,3100
5700,2434,38,5,44,220
5701,2434,25,3,20,60
5702,2434,4,4,55,220
5703,2434,7,3,95,285
5704,2434,22,1,48,48
5705,2435,9,2,75,150
5706,2435,5,5,22,110
5707,2435,21,3,40,120
5708,2435,27,5,45,225
5709,2436,36,2,9,18
5710,2436,6,3,58,174
5711,2437,35,2,72,144
5712,2437,17,1,42,42
5713,2437,36,3,9,27
5714,2437,34,3,3,9
5715,2437,19,4,30,120
5716,2438,14,3,40,120
5717,2438,12,2,15,30
5718,2438,21,3,40,120
5719,2438,30,3,115,345
5720,2438,15,5,32,160
5721,2438,37,1,50,50
5722,2439,8,4,27,108
5723,2439,27,4,45,180
5724,2440,4,5,55,275
5725,2440,34,3,3,9
5726,2440,40,5,26,130
5727,2440,33,4,78,312
5728,2440,24,3,92,276
5729,2440,2,5,320,1600
5730,2440,28,3,25,75
5731,2441,5,2,22,44
5732,2441,40,5,26,130
5733,2441,37,1,50,50
5734,2441,6,5,58,290
5735,2441,36,4,9,36
5736,2441,8,5,27,135
5737,2442,13,2,780,1560
5738,2442,5,1,22,22
5739,2442,28,2,25,50
5740,2442,18,5,36,180
5741,2442,30,3,115,345
5742,2442,29,2,240,480
5743,2443,28,1,25,25
5744,2443,2,2,320,640
5745,2443,26,3,50,150
5746,2443,37,4,50,200
5747,2443,19,2,30,60
5748,2443,1,3,260,780
5749,2443,25,2,20,40
5750,2444,21,5,40,200
5751,2444,35,2,72,144
5752,2444,30,2,115,230
5753,2444,13,1,780,780
5754,2444,37,2,50,100
5755,2445,12,5,15,75
5756,2445,7,1,95,95
5757,2445,2,2,320,640
5758,2446,23,3,18,54
5759,2446,5,2,22,44
5760,2446,21,4,40,160
5761,2446,15,3,32,96
5762,2446,14,2,40,80
5763,2447,23,4,18,72
5764,2447,2,1,320,320
5765,2448,25,4,20,80
5766,2448,2,2,320,640
5767,2448,29,1,240,240
5768,2448,14,4,40,160
5769,2448,40,5,26,130
5770,2448,4,1,55,55
5771,2448,38,1,44,44
5772,2449,33,1,78,78
5773,2449,38,2,44,88
5774,2450,14,1,40,40
5775,2450,8,5,27,135
5776,2450,32,3,165,495
5777,2450,23,4,18,72
5778,2450,21,3,40,120
5779,2450,27,5,45,225
5780,2450,13,1,780,780
5781,2451,2,1,320,320
5782,2451,1,3,260,780
5783,2451,25,3,20,60
5784,2451,27,3,45,135
5785,2452,5,3,22,66
5786,2452,28,3,25,75
5787,2452,20,1,78,78
5788,2452,15,2,32,64
5789,2452,6,2,58,116
5790,2452,25,2,20,40
5791,2452,31,5,190,950
5792,2453,9,2,75,150
5793,2454,31,5,190,950
5794,2454,3,1,1550,1550
5795,2455,40,2,26,52
5796,2455,27,2,45,90
5797,2455,11,5,9,45
5798,2456,12,2,15,30
5799,2456,24,1,92,92
5800,2457,14,5,40,200
5801,2457,20,3,78,234
5802,2457,26,1,50,50
5803,2457,24,1,92,92
5804,2458,2,4,320,1280
5805,2458,31,1,190,190
5806,2458,3,2,1550,3100
5807,2459,39,1,14,14
5808,2459,34,4,3,12
5809,2459,11,1,9,9
5810,2459,38,1,44,44
5811,2459,7,4,95,380
5812,2459,1,4,260,1040
5813,2459,23,4,18,72
5814,2460,35,2,72,144
5815,2460,29,2,240,480
5816,2460,9,5,75,375
5817,2460,1,3,260,780
5818,2460,20,5,78,390
5819,2460,31,1,190,190
5820,2460,40,4,26,104
5821,2461,37,2,50,100
5822,2461,13,1,780,780
5823,2461,9,2,75,150
5824,2461,15,1,32,32
5825,2462,7,2,95,190
5826,2462,26,3,50,150
5827,2462,19,3,30,90
5828,2462,40,4,26,104
5829,2462,16,5,30,150
5830,2462,15,5,32,160
5831,2463,37,2,50,100
5832,2463,18,5,36,180
5833,2463,9,1,75,75
5834,2463,21,4,40,160
5835,2463,28,1,25,25
5836,2464,13,2,780,1560
5837,2464,12,1,15,15
5838,2464,1,5,260,1300
5839,2464,10,4,68,272
5840,2464,3,2,1550,3100
5841,2464,16,3,30,90
5842,2464,11,2,9,18
5843,2465,37,4,50,200
5844,2465,26,1,50,50
5845,2465,29,2,240,480
5846,2465,14,5,40,200
5847,2465,30,3,115,345
5848,2465,17,3,42,126
5849,2466,17,5,42,210
5850,2466,22,4,48,192
5851,2467,7,1,95,95
5852,2467,22,5,48,240
5853,2467,34,2,3,6
5854,2467,17,1,42,42
5855,2467,5,2,22,44
5856,2467,24,4,92,368
5857,2468,8,4,27,108
5858,2468,40,5,26,130
5859,2468,36,1,9,9
5860,2468,19,5,30,150
5861,2468,9,2,75,150
5862,2468,23,4,18,72
5863,2468,20,5,78,390
5864,2469,10,2,68,136
5865,2469,15,3,32,96
5866,2470,39,3,14,42
5867,2470,10,5,68,340
5868,2470,37,2,50,100
5869,2470,34,5,3,15
5870,2470,4,2,55,110
5871,2471,11,2,9,18
5872,2471,7,5,95,475
5873,2471,40,5,26,130
5874,2472,13,2,780,1560
5875,2472,18,5,36,180
5876,2472,4,4,55,220
5877,2472,26,4,50,200
5878,2473,21,3,40,120
5879,2473,9,5,75,375
5880,2473,20,3,78,234
5881,2473,1,2,260,520
5882,2474,40,4,26,104
5883,2474,39,2,14,28
5884,2474,5,2,22,44
5885,2474,4,4,55,220
5886,2474,27,2,45,90
5887,2474,9,4,75,300
5888,2475,38,2,44,88
5889,2475,13,2,780,1560
5890,2475,16,2,30,60
5891,2475,23,4,18,72
5892,2476,38,2,44,88
5893,2477,18,1,36,36
5894,2477,21,5,40,200
5895,2477,1,4,260,1040
5896,2477,8,2,27,54
5897,2477,34,4,3,12
5898,2477,20,3,78,234
5899,2478,8,4,27,108
5900,2478,35,3,72,216
5901,2478,30,1,115,115
5902,2478,10,4,68,272
5903,2478,5,4,22,88
5904,2478,22,5,48,240
5905,2478,18,2,36,72
5906,2479,32,5,165,825
5907,2479,19,3,30,90
5908,2479,15,2,32,64
5909,2479,34,4,3,12
5910,2479,7,4,95,380
5911,2479,6,4,58,232
5912,2480,7,3,95,285
5913,2481,33,3,78,234
5914,2481,22,1,48,48
5915,2481,27,1,45,45
5916,2482,32,5,165,825
5917,2483,15,4,32,128
5918,2483,38,5,44,220
5919,2483,28,5,25,125
5920,2483,18,5,36,180
5921,2484,39,1,14,14
5922,2484,34,5,3,15
5923,2484,25,1,20,20
5924,2484,3,1,1550,1550
5925,2485,16,5,30,150
5926,2486,39,5,14,70
5927,2486,27,5,45,225
5928,2486,26,1,50,50
5929,2486,3,2,1550,3100
5930,2486,23,4,18,72
5931,2486,29,1,240,240
5932,2487,37,3,50,150
5933,2487,12,1,15,15
5934,2488,27,3,45,135
5935,2488,2,3,320,960
5936,2488,30,3,115,345
5937,2489,18,3,36,108
5938,2489,29,2,240,480
5939,2490,17,3,42,126
5940,2490,11,2,9,18
5941,2490,14,4,40,160
5942,2490,36,1,9,9
5943,2490,37,3,50,150
5944,2490,21,3,40,120
5945,2491,35,4,72,288
5946,2491,15,3,32,96
5947,2491,21,5,40,200
5948,2491,20,4,78,312
5949,2491,7,2,95,190
5950,2492,25,2,20,40
5951,2492,13,1,780,780
5952,2492,17,3,42,126
5953,2492,32,1,165,165
5954,2492,23,1,18,18
5955,2492,22,2,48,96
5956,2492,29,2,240,480
5957,2493,36,1,9,9
5958,2493,19,2,30,60
5959,2493,35,1,72,72
5960,2493,12,1,15,15
5961,2493,26,5,50,250
5962,2494,26,2,50,100
5963,2494,17,4,42,168
5964,2494,10,1,68,68
5965,2494,22,3,48,144
5966,2494,35,5,72,360
5967,2494,23,5,18,90
5968,2495,29,1,240,240
5969,2495,3,2,1550,3100
5970,2496,32,2,165,330
5971,2497,15,2,32,64
5972,2497,29,1,240,240
5973,2498,16,4,30,120
5974,2498,2,4,320,1280
5975,2498,40,5,26,130
5976,2499,37,4,50,200
5977,2499,13,2,780,1560
5978,2499,27,3,45,135
5979,2499,12,3,15,45
5980,2499,34,3,3,9
5981,2500,24,1,92,92
5982,2500,16,2,30,60
5983,2500,21,3,40,120
5984,2500,35,2,72,144
5985,2501,35,5,72,360
5986,2501,38,2,44,88
5987,2501,9,3,75,225
5988,2501,7,5,95,475
5989,2501,33,2,78,156
5990,2501,31,4,190,760
5991,2501,21,3,40,120
5992,2502,4,4,55,220
5993,2502,30,1,115,115
5994,2502,40,2,26,52
5995,2502,29,1,240,240
5996,2502,32,5,165,825
5997,2503,36,1,9,9
5998,2503,4,3,55,165
5999,2503,23,1,18,18
6000,2503,31,3,190,570
6001,2504,17,4,42,168
6002,2504,2,2,320,640
6003,2504,39,4,14,56
6004,2504,32,3,165,495
6005,2504,28,5,25,125
6006,2505,20,5,78,390
6007,2505,22,5,48,240
6008,2505,15,3,32,96
6009,2505,37,1,50,50
6010,2505,33,5,78,390
6011,2505,27,1,45,45
6012,2506,23,2,18,36
6013,2506,38,2,44,88
6014,2506,8,2,27,54
6015,2506,5,5,22,110
6016,2506,37,2,50,100
6017,2506,34,2,3,6
6018,2507,32,3,165,495
6019,2508,7,5,95,475
6020,2509,25,1,20,20
6021,2509,27,3,45,135
6022,2509,40,3,26,78
6023,2509,31,2,190,380
6024,2509,9,4,75,300
6025,2509,22,3,48,144
6026,2510,6,2,58,116
6027,2510,12,3,15,45
6028,2510,17,1,42,42
6029,2510,26,3,50,150
6030,2511,7,2,95,190
6031,2511,34,1,3,3
6032,2511,17,5,42,210
6033,2511,2,1,320,320
6034,2511,4,1,55,55
6035,2511,36,3,9,27
6036,2511,24,4,92,368
6037,2512,2,2,320,640
6038,2512,37,2,50,100
6039,2512,24,5,92,460
6040,2513,12,2,15,30
6041,2513,35,5,72,360
6042,2513,14,3,40,120
6043,2513,23,5,18,90
6044,2514,29,1,240,240
6045,2514,12,4,15,60
6046,2515,40,5,26,130
6047,2516,8,1,27,27
6048,2516,20,4,78,312
6049,2516,19,2,30,60
6050,2516,7,5,95,475
6051,2516,23,2,18,36
6052,2516,12,5,15,75
6053,2516,34,3,3,9
6054,2517,36,1,9,9
6055,2517,25,3,20,60
6056,2517,29,1,240,240
6057,2517,8,3,27,81
6058,2518,16,4,30,120
6059,2518,32,1,165,165
6060,2519,4,5,55,275
6061,2519,31,1,190,190
6062,2519,38,3,44,132
6063,2520,37,3,50,150
6064,2520,35,2,72,144
6065,2520,34,4,3,12
6066,2520,26,2,50,100
6067,2520,13,2,780,1560
6068,2521,28,4,25,100
6069,2521,26,1,50,50
6070,2521,40,3,26,78
6071,2521,25,5,20,100
6072,2521,6,4,58,232
6073,2521,32,5,165,825
6074,2522,19,1,30,30
6075,2522,4,3,55,165
6076,2522,34,5,3,15
6077,2522,3,1,1550,1550
6078,2523,21,2,40,80
6079,2523,4,3,55,165
6080,2523,35,5,72,360
6081,2523,2,1,320,320
6082,2523,39,4,14,56
6083,2523,20,5,78,390
6084,2524,12,4,15,60
6085,2524,33,2,78,156
6086,2524,24,2,92,184
6087,2524,3,2,1550,3100
6088,2524,14,1,40,40
6089,2525,14,2,40,80
6090,2525,32,1,165,165
6091,2525,40,3,26,78
6092,2525,37,1,50,50
6093,2525,1,2,260,520
6094,2525,3,2,1550,3100
6095,2526,25,4,20,80
6096,2526,15,1,32,32
6097,2527,10,5,68,340
6098,2527,39,3,14,42
6099,2528,37,1,50,50
6100,2528,20,4,78,312
6101,2528,14,4,40,160
6102,2528,18,4,36,144
6103,2529,13,1,780,780
6104,2529,32,4,165,660
6105,2529,17,1,42,42
6106,2530,29,2,240,480
6107,2530,9,1,75,75
6108,2530,15,2,32,64
6109,2530,5,5,22,110
6110,2530,8,3,27,81
6111,2530,36,2,9,18
6112,2531,17,3,42,126
6113,2531,26,1,50,50
6114,2531,19,1,30,30
6115,2531,35,4,72,288
6116,2531,38,2,44,88
6117,2531,36,1,9,9
6118,2532,32,4,165,660
6119,2532,13,1,780,780
6120,2532,9,1,75,75
6121,2532,34,2,3,6
6122,2532,3,1,1550,1550
6123,2533,25,2,20,40
6124,2533,12,4,15,60
6125,2533,6,5,58,290
6126,2533,5,1,22,22
6127,2533,16,5,30,150
6128,2533,28,2,25,50
6129,2533,24,2,92,184
6130,2534,21,2,40,80
6131,2534,3,2,1550,3100
6132,2534,37,4,50,200
6133,2534,1,2,260,520
6134,2534,10,1,68,68
6135,2534,22,4,48,192
6136,2535,10,2,68,136
6137,2535,19,2,30,60
6138,2535,33,3,78,234
6139,2535,5,4,22,88
6140,2536,29,1,240,240
6141,2537,34,3,3,9
6142,2537,19,1,30,30
6143,2537,36,1,9,9
6144,2537,11,1,9,9
6145,2537,10,4,68,272
6146,2538,11,2,9,18
6147,2538,21,1,40,40
6148,2538,24,4,92,368
6149,2538,3,1,1550,1550
6150,2538,10,5,68,340
6151,2539,25,1,20,20
6152,2540,15,4,32,128
6153,2540,3,2,1550,3100
6154,2540,37,5,50,250
6155,2540,35,4,72,288
6156,2540,5,4,22,88
6157,2540,2,2,320,640
6158,2540,31,4,190,760
6159,2541,17,5,42,210
6160,2541,23,3,18,54
6161,2541,30,2,115,230
6162,2541,31,2,190,380
6163,2541,10,3,68,204
6164,2542,12,3,15,45
6165,2542,25,2,20,40
6166,2542,17,1,42,42
6167,2542,11,4,9,36
6168,2542,24,4,92,368
6169,2542,2,5,320,1600
6170,2543,15,4,32,128
6171,2543,26,4,50,200
6172,2543,9,4,75,300
6173,2543,23,4,18,72
6174,2543,14,4,40,160
6175,2543,39,3,14,42
6176,2543,27,3,45,135
6177,2544,26,2,50,100
6178,2544,9,2,75,150
6179,2544,34,2,3,6
6180,2545,13,2,780,1560
6181,2545,40,3,26,78
6182,2545,24,2,92,184
6183,2545,30,4,115,460
6184,2545,36,2,9,18
6185,2546,7,4,95,380
6186,2546,35,1,72,72
6187,2546,29,1,240,240
6188,2546,20,2,78,156
6189,2547,36,4,9,36
6190,2547,11,2,9,18
6191,2547,25,4,20,80
6192,2548,14,5,40,200
6193,2549,12,4,15,60
6194,2549,18,3,36,108
6195,2549,37,4,50,200
6196,2549,10,2,68,136
6197,2549,26,2,50,100
6198,2549,13,2,780,1560
6199,2550,40,1,26,26
6200,2550,34,1,3,3
6201,2550,3,1,1550,1550
6202,2551,4,1,55,55
6203,2552,23,3,18,54
6204,2552,13,1,780,780
6205,2552,10,3,68,204
6206,2553,38,2,44,88
6207,2553,29,2,240,480
6208,2553,31,3,190,570
6209,2554,36,2,9,18
6210,2555,27,5,45,225
6211,2555,8,4,27,108
6212,2556,36,2,9,18
6213,2556,31,1,190,190
6214,2557,10,4,68,272
6215,2557,29,2,240,480
6216,2557,7,2,95,190
6217,2557,3,1,1550,1550
6218,2557,9,5,75,375
6219,2557,25,3,20,60
6220,2558,38,4,44,176
6221,2558,37,5,50,250
6222,2558,12,3,15,45
6223,2558,29,2,240,480
6224,2559,24,2,92,184
6225,2560,40,2,26,52
6226,2560,20,1,78,78
6227,2561,13,2,780,1560
6228,2561,21,2,40,80
6229,2561,19,3,30,90
6230,2561,6,3,58,174
6231,2561,23,2,18,36
6232,2561,32,5,165,825
6233,2561,2,3,320,960
6234,2562,2,3,320,960
6235,2562,32,3,165,495
6236,2562,21,4,40,160
6237,2562,11,4,9,36
6238,2562,4,3,55,165
6239,2563,18,1,36,36
6240,2564,36,1,9,9
6241,2564,3,1,1550,1550
6242,2564,9,3,75,225
6243,2565,31,1,190,190
6244,2565,25,3,20,60
6245,2566,25,2,20,40
6246,2566,22,3,48,144
6247,2566,24,3,92,276
6248,2566,33,5,78,390
6249,2566,28,2,25,50
6250,2566,27,4,45,180
6251,2567,18,3,36,108
6252,2567,6,5,58,290
6253,2567,29,1,240,240
6254,2568,9,2,75,150
6255,2569,12,1,15,15
6256,2570,37,1,50,50
6257,2570,16,1,30,30
6258,2571,1,5,260,1300
6259,2571,22,1,48,48
6260,2571,5,1,22,22
6261,2571,10,2,68,136
6262,2571,30,2,115,230
6263,2571,39,1,14,14
6264,2572,6,2,58,116
6265,2572,1,2,260,520
6266,2573,6,3,58,174
6267,2574,34,3,3,9
6268,2574,13,1,780,780
6269,2574,31,4,190,760
6270,2574,39,2,14,28
6271,2574,32,5,165,825
6272,2574,12,1,15,15
6273,2575,12,3,15,45
6274,2576,37,2,50,100
6275,2576,13,1,780,780
6276,2576,8,4,27,108
6277,2576,5,5,22,110
6278,2576,12,3,15,45
6279,2577,27,3,45,135
6280,2577,33,2,78,156
6281,2577,19,5,30,150
6282,2577,14,1,40,40
6283,2577,28,3,25,75
6284,2578,11,4,9,36
6285,2578,5,3,22,66
6286,2578,4,1,55,55
6287,2579,28,3,25,75
6288,2579,6,5,58,290
6289,2579,29,1,240,240
6290,2579,1,5,260,1300
6291,2579,21,3,40,120
6292,2580,21,4,40,160
6293,2580,29,2,240,480
6294,2580,23,5,18,90
6295,2580,31,2,190,380
6296,2580,24,2,92,184
6297,2580,32,5,165,825
6298,2581,3,2,1550,3100
6299,2581,23,4,18,72
6300,2582,26,2,50,100
6301,2582,30,4,115,460
6302,2582,29,2,240,480
6303,2583,9,4,75,300
6304,2584,10,2,68,136
6305,2584,26,2,50,100
6306,2584,24,1,92,92
6307,2584,1,1,260,260
6308,2584,28,4,25,100
6309,2584,12,4,15,60
6310,2584,40,2,26,52
6311,2585,13,1,780,780
6312,2585,2,3,320,960
6313,2585,32,5,165,825
6314,2586,15,4,32,128
6315,2586,13,2,780,1560
6316,2586,32,4,165,660
6317,2587,11,5,9,45
6318,2587,32,3,165,495
6319,2587,4,2,55,110
6320,2587,23,2,18,36
6321,2587,7,5,95,475
6322,2587,5,4,22,88
6323,2587,21,2,40,80
6324,2588,32,3,165,495
6325,2588,1,5,260,1300
6326,2588,20,4,78,312
6327,2588,11,5,9,45
6328,2589,39,5,14,70
6329,2590,22,5,48,240
6330,2590,24,4,92,368
6331,2590,9,1,75,75
6332,2591,29,2,240,480
6333,2592,14,3,40,120
6334,2592,21,4,40,160
6335,2593,18,5,36,180
6336,2593,36,2,9,18
6337,2593,22,5,48,240
6338,2593,37,5,50,250
6339,2593,38,2,44,88
6340,2593,13,1,780,780
6341,2593,9,4,75,300
6342,2594,31,2,190,380
6343,2594,2,5,320,1600
6344,2594,21,3,40,120
6345,2594,33,1,78,78
6346,2594,7,5,95,475
6347,2595,39,2,14,28
6348,2595,18,3,36,108
6349,2595,5,2,22,44
6350,2595,29,2,240,480
6351,2596,4,4,55,220
6352,2596,31,5,190,950
6353,2596,16,2,30,60
6354,2596,15,3,32,96
6355,2596,1,3,260,780
6356,2596,21,4,40,160
6357,2596,23,3,18,54
6358,2597,35,2,72,144
6359,2597,13,2,780,1560
6360,2597,39,2,14,28
6361,2597,8,4,27,108
6362,2597,19,4,30,120
6363,2598,1,1,260,260
6364,2598,20,4,78,312
6365,2598,17,1,42,42
6366,2598,14,3,40,120
6367,2598,10,4,68,272
6368,2598,19,2,30,60
6369,2599,25,3,20,60
6370,2599,36,1,9,9
6371,2599,11,3,9,27
6372,2599,39,4,14,56
6373,2600,13,1,780,780
6374,2600,39,5,14,70
6375,2600,30,2,115,230
6376,2601,2,5,320,1600
6377,2601,8,4,27,108
6378,2601,4,3,55,165
6379,2602,21,1,40,40
6380,2602,25,4,20,80
6381,2603,21,5,40,200
6382,2603,26,5,50,250
6383,2603,12,1,15,15
6384,2603,40,5,26,130
6385,2603,3,1,1550,1550
6386,2603,19,2,30,60
6387,2604,5,2,22,44
6388,2604,9,2,75,150
6389,2604,10,1,68,68
6390,2604,7,3,95,285
6391,2605,22,1,48,48
6392,2605,6,4,58,232
6393,2605,27,4,45,180
6394,2606,27,4,45,180
6395,2606,26,2,50,100
6396,2606,10,1,68,68
6397,2606,36,3,9,27
6398,2606,6,2,58,116
6399,2607,4,1,55,55
6400,2607,36,2,9,18
6401,2608,3,2,1550,3100
6402,2608,15,3,32,96
6403,2608,10,4,68,272
6404,2608,9,4,75,300
6405,2609,33,4,78,312
6406,2610,27,1,45,45
6407,2611,13,1,780,780
6408,2612,15,1,32,32
6409,2612,38,3,44,132
6410,2613,6,2,58,116
6411,2613,38,5,44,220
6412,2613,24,1,92,92
6413,2613,33,5,78,390
6414,2613,11,3,9,27
6415,2613,26,3,50,150
6416,2614,24,3,92,276
6417,2614,33,3,78,234
6418,2614,25,2,20,40
6419,2614,11,3,9,27
6420,2614,13,2,780,1560
6421,2615,8,5,27,135
6422,2615,19,5,30,150
6423,2615,29,2,240,480
6424,2615,2,2,320,640
6425,2616,8,1,27,27
6426,2616,3,1,1550,1550
6427,2617,37,5,50,250
6428,2617,20,3,78,234
6429,2618,30,3,115,345
6430,2618,4,2,55,110
6431,2618,15,5,32,160
6432,2619,20,2,78,156
6433,2620,12,5,15,75
6434,2620,22,2,48,96
6435,2620,14,4,40,160
6436,2620,32,4,165,660
6437,2620,25,5,20,100
6438,2620,21,5,40,200
6439,2620,30,3,115,345
6440,2621,40,1,26,26
6441,2622,2,5,320,1600
6442,2622,4,2,55,110
6443,2622,1,1,260,260
6444,2622,18,1,36,36
6445,2622,38,3,44,132
6446,2622,20,2,78,156
6447,2622,29,1,240,240
6448,2623,24,3,92,276
6449,2623,5,1,22,22
6450,2623,18,1,36,36
6451,2623,27,3,45,135
6452,2624,17,1,42,42
6453,2624,30,1,115,115
6454,2625,12,4,15,60
6455,2625,1,5,260,1300
6456,2625,8,5,27,135
6457,2625,6,3,58,174
6458,2626,2,2,320,640
6459,2626,37,2,50,100
6460,2626,31,1,190,190
6461,2627,25,4,20,80
6462,2627,2,4,320,1280
6463,2627,3,1,1550,1550
6464,2627,32,1,165,165
6465,2628,3,2,1550,3100
6466,2628,5,1,22,22
6467,2628,18,3,36,108
6468,2628,19,2,30,60
6469,2628,31,2,190,380
6470,2629,29,1,240,240
6471,2629,1,3,260,780
6472,2629,3,2,1550,3100
6473,2629,37,1,50,50
6474,2629,28,5,25,125
6475,2629,32,3,165,495
6476,2630,31,5,190,950
6477,2630,35,5,72,360
6478,2630,11,2,9,18
6479,2630,24,3,92,276
6480,2631,23,3,18,54
6481,2631,27,2,45,90
6482,2631,12,4,15,60
6483,2631,26,5,50,250
6484,2631,24,4,92,368
6485,2631,30,3,115,345
6486,2632,6,3,58,174
6487,2632,39,4,14,56
6488,2632,17,4,42,168
6489,2632,9,5,75,375
6490,2633,11,2,9,18
6491,2633,3,1,1550,1550
6492,2633,22,4,48,192
6493,2633,33,1,78,78
6494,2633,10,4,68,272
6495,2633,38,1,44,44
6496,2633,40,5,26,130
6497,2634,3,1,1550,1550
6498,2634,34,2,3,6
6499,2634,7,3,95,285
6500,2634,37,4,50,200
6501,2634,1,1,260,260
6502,2635,24,4,92,368
6503,2635,36,2,9,18
6504,2635,26,5,50,250
6505,2636,27,2,45,90
6506,2636,7,2,95,190
6507,2636,15,1,32,32
6508,2637,33,3,78,234
6509,2637,7,2,95,190
6510,2637,32,5,165,825
6511,2637,10,1,68,68
6512,2637,5,2,22,44
6513,2637,20,1,78,78
6514,2637,16,1,30,30
6515,2638,19,2,30,60
6516,2639,5,1,22,22
6517,2639,40,5,26,130
6518,2639,17,3,42,126
6519,2639,29,2,240,480
6520,2639,8,4,27,108
6521,2639,28,3,25,75
6522,2639,23,2,18,36
6523,2640,28,5,25,125
6524,2640,40,5,26,130
6525,2640,38,1,44,44
6526,2641,32,4,165,660
6527,2641,3,2,1550,3100
6528,2641,40,5,26,130
6529,2641,21,1,40,40
6530,2641,23,4,18,72
6531,2641,2,5,320,1600
6532,2642,23,1,18,18
6533,2642,32,4,165,660
6534,2642,2,3,320,960
6535,2642,25,5,20,100
6536,2642,3,1,1550,1550
6537,2643,16,4,30,120
6538,2644,22,3,48,144
6539,2644,16,3,30,90
6540,2644,39,5,14,70
6541,2644,31,4,190,760
6542,2645,40,1,26,26
6543,2645,27,2,45,90
6544,2646,2,3,320,960
6545,2646,33,5,78,390
6546,2646,29,2,240,480
6547,2646,5,5,22,110
6548,2646,12,1,15,15
6549,2647,38,2,44,88
6550,2647,8,4,27,108
6551,2647,34,3,3,9
6552,2648,3,2,1550,3100
6553,2648,19,4,30,120
6554,2649,10,2,68,136
6555,2650,32,4,165,660
6556,2650,16,1,30,30
6557,2650,1,3,260,780
6558,2650,25,2,20,40
6559,2651,22,2,48,96
6560,2651,38,4,44,176
6561,2652,8,3,27,81
6562,2652,7,4,95,380
6563,2652,11,1,9,9
6564,2652,9,5,75,375
6565,2652,37,3,50,150
6566,2652,2,5,320,1600
6567,2652,29,1,240,240
6568,2653,31,4,190,760
6569,2653,3,1,1550,1550
6570,2653,18,1,36,36
6571,2653,28,1,25,25
6572,2654,23,2,18,36
6573,2654,31,2,190,380
6574,2654,26,1,50,50
6575,2655,11,5,9,45
6576,2656,13,2,780,1560
6577,2656,29,2,240,480
6578,2657,5,5,22,110
6579,2657,12,1,15,15
6580,2657,38,2,44,88
6581,2657,27,2,45,90
6582,2658,20,1,78,78
6583,2658,9,3,75,225
6584,2659,33,1,78,78
6585,2660,18,3,36,108
6586,2660,38,2,44,88
6587,2660,34,4,3,12
6588,2660,1,2,260,520
6589,2660,20,2,78,156
6590,2661,31,5,190,950
6591,2661,40,5,26,130
6592,2661,39,1,14,14
6593,2661,14,2,40,80
6594,2661,7,2,95,190
6595,2661,12,5,15,75
6596,2662,33,4,78,312
6597,2662,5,3,22,66
6598,2662,37,2,50,100
6599,2662,11,3,9,27
6600,2663,4,1,55,55
6601,2663,28,2,25,50
6602,2663,3,2,1550,3100
6603,2663,21,4,40,160
6604,2664,39,5,14,70
6605,2664,15,4,32,128
6606,2664,9,2,75,150
6607,2664,31,2,190,380
6608,2665,34,1,3,3
6609,2665,19,4,30,120
6610,2665,32,1,165,165
6611,2665,5,5,22,110
6612,2665,28,1,25,25
6613,2666,10,3,68,204
6614,2666,3,2,1550,3100
6615,2666,24,5,92,460
6616,2666,18,5,36,180
6617,2666,26,3,50,150
6618,2666,37,3,50,150
6619,2667,31,1,190,190
6620,2667,33,4,78,312
6621,2667,32,3,165,495
6622,2667,25,5,20,100
6623,2667,36,5,9,45
6624,2667,9,5,75,375
6625,2667,40,1,26,26
6626,2668,18,2,36,72
6627,2668,19,3,30,90
6628,2668,39,3,14,42
6629,2669,37,3,50,150
6630,2669,13,1,780,780
6631,2670,22,2,48,96
6632,2670,34,3,3,9
6633,2670,27,2,45,90
6634,2670,18,3,36,108
6635,2670,17,5,42,210
6636,2670,28,5,25,125
6637,2670,13,2,780,1560
6638,2671,30,2,115,230
6639,2671,38,1,44,44
6640,2672,19,2,30,60
6641,2672,16,4,30,120
6642,2672,14,4,40,160
6643,2672,22,3,48,144
6644,2672,12,5,15,75
6645,2672,32,4,165,660
6646,2673,22,1,48,48
6647,2673,10,4,68,272
6648,2673,17,5,42,210
6649,2673,39,4,14,56
6650,2673,5,1,22,22
6651,2674,13,2,780,1560
6652,2675,36,4,9,36
6653,2675,38,2,44,88
6654,2675,18,3,36,108
6655,2675,33,1,78,78
6656,2676,32,4,165,660
6657,2676,39,3,14,42
6658,2676,7,1,95,95
6659,2676,31,2,190,380
6660,2677,4,1,55,55
6661,2677,3,2,1550,3100
6662,2677,5,2,22,44
6663,2678,7,5,95,475
6664,2678,28,3,25,75
6665,2678,14,3,40,120
6666,2678,3,2,1550,3100
6667,2678,4,2,55,110
6668,2678,1,2,260,520
6669,2678,8,2,27,54
6670,2679,39,2,14,28
6671,2679,37,1,50,50
6672,2679,18,5,36,180
6673,2679,36,5,9,45
6674,2679,23,3,18,54
6675,2680,15,5,32,160
6676,2680,11,5,9,45
6677,2680,25,3,20,60
6678,2680,14,4,40,160
6679,2680,35,1,72,72
6680,2680,2,1,320,320
6681,2680,39,2,14,28
6682,2681,27,1,45,45
6683,2681,15,1,32,32
6684,2681,16,2,30,60
6685,2681,30,3,115,345
6686,2681,11,4,9,36
6687,2681,12,5,15,75
6688,2681,39,5,14,70
6689,2682,25,4,20,80
6690,2682,29,1,240,240
6691,2682,14,4,40,160
6692,2682,15,5,32,160
6693,2682,7,4,95,380
6694,2682,6,1,58,58
6695,2682,27,5,45,225
6696,2683,18,4,36,144
6697,2683,14,5,40,200
6698,2683,32,5,165,825
6699,2683,28,4,25,100
6700,2683,34,4,3,12
6701,2683,22,5,48,240
6702,2683,21,2,40,80
6703,2684,10,2,68,136
6704,2684,5,4,22,88
6705,2684,39,2,14,28
6706,2685,21,3,40,120
6707,2685,23,2,18,36
6708,2686,19,4,30,120
6709,2686,15,1,32,32
6710,2686,25,4,20,80
6711,2686,31,5,190,950
6712,2686,2,3,320,960
6713,2686,16,3,30,90
6714,2687,2,1,320,320
6715,2687,32,4,165,660
6716,2687,28,3,25,75
6717,2687,29,2,240,480
6718,2688,18,4,36,144
6719,2688,24,2,92,184
6720,2689,15,5,32,160
6721,2689,38,5,44,220
6722,2690,13,1,780,780
6723,2690,3,1,1550,1550
6724,2690,25,3,20,60
6725,2690,24,1,92,92
6726,2690,4,5,55,275
6727,2690,15,3,32,96
6728,2690,6,4,58,232
6729,2691,19,3,30,90
6730,2691,10,2,68,136
6731,2692,11,1,9,9
6732,2692,34,5,3,15
6733,2692,5,1,22,22
6734,2693,12,2,15,30
6735,2693,19,1,30,30
6736,2693,36,2,9,18
6737,2693,31,5,190,950
6738,2693,28,1,25,25
6739,2694,7,2,95,190
6740,2695,8,5,27,135
6741,2695,30,2,115,230
6742,2695,36,2,9,18
6743,2695,24,1,92,92
6744,2695,12,3,15,45
6745,2696,11,2,9,18
6746,2696,18,2,36,72
6747,2696,33,1,78,78
6748,2696,2,4,320,1280
6749,2696,38,2,44,88
6750,2696,36,2,9,18
6751,2696,4,2,55,110
6752,2697,39,1,14,14
6753,2697,24,2,92,184
6754,2697,37,2,50,100
6755,2697,18,5,36,180
6756,2697,30,1,115,115
6757,2697,16,1,30,30
6758,2697,36,4,9,36
6759,2698,1,5,260,1300
6760,2698,19,4,30,120
6761,2699,26,3,50,150
6762,2699,36,5,9,45
6763,2699,35,5,72,360
6764,2699,40,4,26,104
6765,2699,34,3,3,9
6766,2699,30,5,115,575
6767,2700,11,2,9,18
6768,2700,33,1,78,78
6769,2700,32,5,165,825
6770,2700,9,3,75,225
6771,2701,20,3,78,234
6772,2701,8,4,27,108
6773,2701,27,2,45,90
6774,2701,25,1,20,20
6775,2701,37,2,50,100
6776,2701,40,4,26,104
6777,2701,24,2,92,184
6778,2702,38,2,44,88
6779,2702,9,1,75,75
6780,2702,20,2,78,156
6781,2702,26,4,50,200
6782,2703,32,3,165,495
6783,2703,26,2,50,100
6784,2703,30,4,115,460
6785,2704,27,2,45,90
6786,2704,4,1,55,55
6787,2705,24,4,92,368
6788,2705,4,4,55,220
6789,2705,23,1,18,18
6790,2706,19,4,30,120
6791,2706,23,1,18,18
6792,2706,33,3,78,234
6793,2706,36,3,9,27
6794,2706,31,2,190,380
6795,2707,33,2,78,156
6796,2707,11,5,9,45
6797,2707,1,3,260,780
6798,2708,2,2,320,640
6799,2709,34,4,3,12
6800,2709,24,3,92,276
6801,2709,2,5,320,1600
6802,2709,29,2,240,480
6803,2709,26,3,50,150
6804,2709,22,3,48,144
6805,2710,32,5,165,825
6806,2710,28,5,25,125
6807,2710,33,1,78,78
6808,2710,3,1,1550,1550
6809,2711,25,5,20,100
6810,2711,22,4,48,192
6811,2711,29,2,240,480
6812,2711,18,4,36,144
6813,2711,10,2,68,136
6814,2711,36,1,9,9
6815,2711,13,1,780,780
6816,2712,1,5,260,1300
6817,2712,9,2,75,150
6818,2712,13,2,780,1560
6819,2713,10,2,68,136
6820,2713,28,1,25,25
6821,2713,36,3,9,27
6822,2713,37,4,50,200
6823,2713,17,1,42,42
6824,2713,14,2,40,80
6825,2713,1,4,260,1040
6826,2714,32,4,165,660
6827,2714,8,3,27,81
6828,2715,24,3,92,276
6829,2715,31,3,190,570
6830,2715,17,5,42,210
6831,2715,37,2,50,100
6832,2715,36,5,9,45
6833,2716,18,4,36,144
6834,2716,39,3,14,42
6835,2716,16,3,30,90
6836,2716,15,5,32,160
6837,2716,2,3,320,960
6838,2717,26,1,50,50
6839,2717,4,2,55,110
6840,2717,38,5,44,220
6841,2717,20,2,78,156
6842,2718,15,4,32,128
6843,2718,16,4,30,120
6844,2718,30,4,115,460
6845,2718,10,5,68,340
6846,2718,7,3,95,285
6847,2718,35,3,72,216
6848,2718,33,1,78,78
6849,2719,11,1,9,9
6850,2719,40,3,26,78
6851,2720,28,4,25,100
6852,2721,2,2,320,640
6853,2721,22,4,48,192
6854,2721,24,4,92,368
6855,2721,8,4,27,108
6856,2722,14,5,40,200
6857,2722,26,2,50,100
6858,2722,28,3,25,75
6859,2722,16,2,30,60
6860,2722,19,5,30,150
6861,2723,38,1,44,44
6862,2723,25,1,20,20
6863,2723,6,1,58,58
6864,2724,35,1,72,72
6865,2724,28,2,25,50
6866,2725,1,2,260,520
6867,2726,9,3,75,225
6868,2727,23,1,18,18
6869,2727,37,1,50,50
6870,2727,6,5,58,290
6871,2727,3,1,1550,1550
6872,2727,11,1,9,9
6873,2727,20,5,78,390
6874,2728,13,2,780,1560
6875,2729,32,1,165,165
6876,2729,7,4,95,380
6877,2729,18,5,36,180
6878,2729,19,3,30,90
6879,2729,34,2,3,6
6880,2729,5,5,22,110
6881,2729,37,1,50,50
6882,2730,39,3,14,42
6883,2730,15,2,32,64
6884,2730,19,4,30,120
6885,2730,3,2,1550,3100
6886,2731,33,4,78,312
6887,2731,20,2,78,156
6888,2731,19,3,30,90
6889,2732,21,1,40,40
6890,2732,14,1,40,40
6891,2732,16,5,30,150
6892,2732,30,1,115,115
6893,2732,10,2,68,136
6894,2732,36,1,9,9
6895,2733,9,3,75,225
6896,2733,10,5,68,340
6897,2733,5,2,22,44
6898,2733,19,4,30,120
6899,2734,27,2,45,90
6900,2734,8,4,27,108
6901,2734,36,1,9,9
6902,2734,38,3,44,132
6903,2735,26,1,50,50
6904,2735,13,1,780,780
6905,2736,17,2,42,84
6906,2736,25,3,20,60
6907,2736,12,4,15,60
6908,2736,32,3,165,495
6909,2736,30,5,115,575
6910,2736,26,2,50,100
6911,2736,21,1,40,40
6912,2737,11,2,9,18
6913,2737,17,2,42,84
6914,2737,27,5,45,225
6915,2737,6,5,58,290
6916,2737,32,4,165,660
6917,2737,22,3,48,144
6918,2737,10,2,68,136
6919,2738,12,3,15,45
6920,2738,27,3,45,135
6921,2738,3,1,1550,1550
6922,2738,1,1,260,260
6923,2738,24,4,92,368
6924,2738,22,5,48,240
6925,2739,14,5,40,200
6926,2739,10,3,68,204
6927,2740,26,1,50,50
6928,2740,34,4,3,12
6929,2740,38,5,44,220
6930,2740,40,5,26,130
6931,2740,13,2,780,1560
6932,2741,30,5,115,575
6933,2741,3,1,1550,1550
6934,2741,19,4,30,120
6935,2741,22,4,48,192
6936,2741,2,4,320,1280
6937,2742,37,3,50,150
6938,2742,15,1,32,32
6939,2742,21,2,40,80
6940,2742,38,5,44,220
6941,2742,29,2,240,480
6942,2743,17,2,42,84
6943,2743,1,4,260,1040
6944,2743,34,2,3,6
6945,2743,15,4,32,128
6946,2744,4,4,55,220
6947,2744,5,1,22,22
6948,2744,18,5,36,180
6949,2744,35,3,72,216
6950,2745,39,4,14,56
6951,2745,4,5,55,275
6952,2745,32,3,165,495
6953,2745,14,2,40,80
6954,2745,35,5,72,360
6955,2745,19,2,30,60
6956,2745,8,1,27,27
6957,2746,28,2,25,50
6958,2746,6,3,58,174
6959,2746,22,2,48,96
6960,2746,16,3,30,90
6961,2746,31,3,190,570
6962,2746,2,4,320,1280
6963,2747,28,3,25,75
6964,2747,14,1,40,40
6965,2748,19,1,30,30
6966,2748,20,2,78,156
6967,2748,35,1,72,72
6968,2748,36,3,9,27
6969,2748,5,2,22,44
6970,2748,37,1,50,50
6971,2748,10,4,68,272
6972,2749,8,5,27,135
6973,2749,33,1,78,78
6974,2749,35,4,72,288
6975,2750,40,4,26,104
6976,2750,18,2,36,72
6977,2750,6,5,58,290
6978,2750,23,3,18,54
6979,2750,38,1,44,44
6980,2750,37,5,50,250
6981,2751,6,2,58,116
6982,2751,5,4,22,88
6983,2751,11,3,9,27
6984,2751,10,1,68,68
6985,2751,22,3,48,144
6986,2751,38,4,44,176
6987,2751,34,4,3,12
6988,2752,33,4,78,312
6989,2752,26,5,50,250
6990,2752,14,4,40,160
6991,2752,11,4,9,36
6992,2752,13,2,780,1560
6993,2752,31,3,190,570
6994,2752,5,2,22,44
6995,2753,3,1,1550,1550
6996,2754,37,1,50,50
6997,2755,24,2,92,184
6998,2755,22,1,48,48
6999,2755,27,5,45,225
7000,2755,1,5,260,1300
7001,2755,21,5,40,200
7002,2755,30,1,115,115
7003,2756,9,5,75,375
7004,2756,31,1,190,190
7005,2756,32,3,165,495
7006,2756,36,2,9,18
7007,2756,22,3,48,144
7008,2757,28,2,25,50
7009,2757,19,3,30,90
7010,2757,3,2,1550,3100
7011,2757,7,2,95,190
7012,2757,4,3,55,165
7013,2758,27,1,45,45
7014,2758,5,4,22,88
7015,2758,34,3,3,9
7016,2759,20,1,78,78
7017,2759,27,2,45,90
7018,2759,2,5,320,1600
7019,2759,38,5,44,220
7020,2759,19,5,30,150
7021,2759,21,1,40,40
7022,2760,7,3,95,285
7023,2761,8,5,27,135
7024,2761,12,1,15,15
7025,2761,37,2,50,100
7026,2762,18,5,36,180
7027,2763,35,4,72,288
7028,2763,6,1,58,58
7029,2763,36,3,9,27
7030,2763,37,4,50,200
7031,2763,40,1,26,26
7032,2763,20,3,78,234
7033,2763,38,3,44,132
7034,2764,4,1,55,55
7035,2764,9,4,75,300
7036,2764,5,3,22,66
7037,2764,7,4,95,380
7038,2764,1,5,260,1300
7039,2764,37,1,50,50
7040,2765,11,1,9,9
7041,2765,38,3,44,132
7042,2765,36,2,9,18
7043,2766,37,4,50,200
7044,2766,7,2,95,190
7045,2767,9,3,75,225
7046,2767,11,5,9,45
7047,2767,33,2,78,156
7048,2767,16,4,30,120
7049,2767,27,5,45,225
7050,2767,1,2,260,520
7051,2768,28,5,25,125
7052,2769,25,5,20,100
7053,2769,13,2,780,1560
7054,2769,34,5,3,15
7055,2769,19,3,30,90
7056,2769,23,3,18,54
7057,2769,9,2,75,150
7058,2770,8,2,27,54
7059,2770,27,3,45,135
7060,2770,17,2,42,84
7061,2770,32,5,165,825
7062,2770,1,2,260,520
7063,2770,40,5,26,130
7064,2770,26,1,50,50
7065,2771,16,4,30,120
7066,2771,9,2,75,150
7067,2771,3,1,1550,1550
7068,2771,15,3,32,96
7069,2771,40,1,26,26
7070,2771,38,5,44,220
7071,2772,14,1,40,40
7072,2773,7,2,95,190
7073,2773,22,1,48,48
7074,2773,14,3,40,120
7075,2773,29,2,240,480
7076,2774,25,2,20,40
7077,2774,34,2,3,6
7078,2774,18,4,36,144
7079,2774,29,2,240,480
7080,2775,16,3,30,90
7081,2775,32,4,165,660
7082,2776,17,4,42,168
7083,2777,11,2,9,18
7084,2777,4,4,55,220
7085,2777,30,1,115,115
7086,2777,34,3,3,9
7087,2778,19,4,30,120
7088,2778,18,1,36,36
7089,2779,34,3,3,9
7090,2779,5,2,22,44
7091,2779,38,4,44,176
7092,2779,30,2,115,230
7093,2780,18,4,36,144
7094,2780,31,2,190,380
7095,2780,25,1,20,20
7096,2780,40,2,26,52
7097,2780,11,4,9,36
7098,2780,39,4,14,56
7099,2781,36,1,9,9
7100,2781,33,3,78,234
7101,2782,17,1,42,42
7102,2782,7,1,95,95
7103,2782,18,5,36,180
7104,2782,34,1,3,3
7105,2782,20,2,78,156
7106,2783,17,5,42,210
7107,2783,16,5,30,150
7108,2783,36,2,9,18
7109,2784,32,4,165,660
7110,2784,34,5,3,15
7111,2784,1,3,260,780
7112,2784,10,1,68,68
7113,2784,2,4,320,1280
7114,2784,21,2,40,80
7115,2785,7,3,95,285
7116,2785,20,3,78,234
7117,2786,13,2,780,1560
7118,2786,26,4,50,200
7119,2786,39,5,14,70
7120,2786,37,2,50,100
7121,2786,23,2,18,36
7122,2787,3,1,1550,1550
7123,2787,22,5,48,240
7124,2787,23,3,18,54
7125,2788,15,1,32,32
7126,2788,28,5,25,125
7127,2788,36,2,9,18
7128,2788,2,2,320,640
7129,2789,3,1,1550,1550
7130,2789,14,1,40,40
7131,2789,30,5,115,575
7132,2789,27,4,45,180
7133,2790,9,3,75,225
7134,2790,15,1,32,32
7135,2790,14,5,40,200
7136,2790,38,4,44,176
7137,2790,24,1,92,92
7138,2790,7,3,95,285
7139,2791,38,1,44,44
7140,2791,29,1,240,240
7141,2791,14,3,40,120
7142,2791,6,5,58,290
7143,2791,22,5,48,240
7144,2791,16,2,30,60
7145,2792,31,5,190,950
7146,2793,1,4,260,1040
7147,2793,32,3,165,495
7148,2794,6,5,58,290
7149,2795,37,4,50,200
7150,2795,18,3,36,108
7151,2796,29,1,240,240
7152,2796,36,5,9,45
7153,2796,11,1,9,9
7154,2797,18,2,36,72
7155,2797,13,1,780,780
7156,2797,12,2,15,30
7157,2797,11,2,9,18
7158,2797,15,3,32,96
7159,2797,3,2,1550,3100
7160,2798,29,1,240,240
7161,2799,8,3,27,81
7162,2800,28,3,25,75
7163,2800,10,1,68,68
7164,2800,5,5,22,110
7165,2800,11,2,9,18
7166,2800,31,4,190,760
7167,2800,25,1,20,20
7168,2800,1,1,260,260
7169,2801,11,2,9,18
7170,2801,14,3,40,120
7171,2801,5,5,22,110
7172,2801,10,5,68,340
7173,2801,27,5,45,225
7174,2801,7,5,95,475
7175,2801,28,5,25,125
7176,2802,29,1,240,240
7177,2802,11,4,9,36
7178,2802,39,4,14,56
7179,2803,40,3,26,78
7180,2803,29,2,240,480
7181,2804,14,5,40,200
7182,2804,2,4,320,1280
7183,2804,13,1,780,780
7184,2804,26,5,50,250
7185,2804,19,1,30,30
7186,2805,9,2,75,150
7187,2805,4,1,55,55
7188,2805,15,5,32,160
7189,2805,35,2,72,144
7190,2805,8,5,27,135
7191,2805,31,2,190,380
7192,2805,26,2,50,100
7193,2806,4,5,55,275
7194,2806,33,1,78,78
7195,2807,35,3,72,216
7196,2807,36,5,9,45
7197,2808,6,1,58,58
7198,2808,17,4,42,168
7199,2808,22,4,48,192
7200,2808,36,2,9,18
7201,2808,9,2,75,150
7202,2809,15,1,32,32
7203,2809,6,3,58,174
7204,2809,34,4,3,12
7205,2809,10,2,68,136
7206,2809,29,2,240,480
7207,2809,5,3,22,66
7208,2809,28,1,25,25
7209,2810,1,1,260,260
7210,2811,2,1,320,320
7211,2811,6,4,58,232
7212,2811,21,5,40,200
7213,2811,11,3,9,27
7214,2811,39,1,14,14
7215,2811,36,5,9,45
7216,2811,13,1,780,780
7217,2812,10,3,68,204
7218,2812,23,3,18,54
7219,2812,21,2,40,80
7220,2812,25,1,20,20
7221,2812,8,5,27,135
7222,2812,33,2,78,156
7223,2813,37,1,50,50
7224,2813,35,2,72,144
7225,2813,31,2,190,380
7226,2813,19,3,30,90
7227,2813,32,5,165,825
7228,2814,3,2,1550,3100
7229,2814,21,1,40,40
7230,2814,25,1,20,20
7231,2814,31,5,190,950
7232,2814,33,1,78,78
7233,2815,17,4,42,168
7234,2816,22,3,48,144
7235,2816,6,5,58,290
7236,2816,24,2,92,184
7237,2817,25,2,20,40
7238,2817,37,3,50,150
7239,2817,8,5,27,135
7240,2817,16,2,30,60
7241,2818,4,5,55,275
7242,2818,24,4,92,368
7243,2818,20,1,78,78
7244,2819,3,2,1550,3100
7245,2819,31,5,190,950
7246,2819,4,5,55,275
7247,2819,27,5,45,225
7248,2819,14,4,40,160
7249,2820,23,1,18,18
7250,2820,2,1,320,320
7251,2820,40,3,26,78
7252,2820,34,1,3,3
7253,2820,12,1,15,15
7254,2821,26,3,50,150
7255,2821,17,2,42,84
7256,2821,34,5,3,15
7257,2821,8,4,27,108
7258,2821,36,4,9,36
7259,2821,38,2,44,88
7260,2821,1,5,260,1300
7261,2822,25,1,20,20
7262,2822,13,2,780,1560
7263,2823,16,4,30,120
7264,2823,10,5,68,340
7265,2823,5,3,22,66
7266,2824,11,1,9,9
7267,2824,34,2,3,6
7268,2824,37,4,50,200
7269,2824,20,2,78,156
7270,2824,27,3,45,135
7271,2824,38,5,44,220
7272,2825,14,4,40,160
7273,2825,7,1,95,95
7274,2825,20,4,78,312
7275,2825,17,3,42,126
7276,2826,25,4,20,80
7277,2826,11,2,9,18
7278,2826,23,3,18,54
7279,2826,24,3,92,276
7280,2826,19,5,30,150
7281,2826,3,1,1550,1550
7282,2827,13,2,780,1560
7283,2827,2,3,320,960
7284,2827,6,4,58,232
7285,2828,19,5,30,150
7286,2828,33,1,78,78
7287,2828,37,2,50,100
7288,2829,7,3,95,285
7289,2829,24,3,92,276
7290,2829,16,2,30,60
7291,2829,36,4,9,36
7292,2829,33,5,78,390
7293,2829,34,1,3,3
7294,2830,22,2,48,96
7295,2830,3,1,1550,1550
7296,2830,19,3,30,90
7297,2830,4,2,55,110
7298,2830,38,5,44,220
7299,2830,16,3,30,90
7300,2831,21,1,40,40
7301,2831,8,1,27,27
7302,2831,26,5,50,250
7303,2831,15,4,32,128
7304,2831,10,5,68,340
7305,2832,8,2,27,54
7306,2832,35,5,72,360
7307,2832,4,1,55,55
7308,2832,39,2,14,28
7309,2833,14,1,40,40
7310,2833,9,4,75,300
7311,2833,26,1,50,50
7312,2833,21,1,40,40
7313,2834,40,4,26,104
7314,2835,21,1,40,40
7315,2835,25,2,20,40
7316,2835,7,2,95,190
7317,2835,30,1,115,115
7318,2835,33,1,78,78
7319,2835,27,5,45,225
7320,2835,34,1,3,3
7321,2836,27,5,45,225
7322,2836,8,5,27,135
7323,2836,36,1,9,9
7324,2837,25,4,20,80
7325,2837,22,3,48,144
7326,2838,19,3,30,90
7327,2838,39,5,14,70
7328,2838,8,3,27,81
7329,2838,27,2,45,90
7330,2838,1,1,260,260
7331,2838,14,1,40,40
7332,2839,39,5,14,70
7333,2839,5,3,22,66
7334,2839,8,1,27,27
7335,2840,19,1,30,30
7336,2840,15,5,32,160
7337,2840,26,2,50,100
7338,2840,34,4,3,12
7339,2840,31,2,190,380
7340,2841,11,5,9,45
7341,2841,14,5,40,200
7342,2842,16,3,30,90
7343,2843,22,3,48,144
7344,2843,27,1,45,45
7345,2843,5,3,22,66
7346,2844,34,1,3,3
7347,2844,35,3,72,216
7348,2845,2,1,320,320
7349,2845,22,5,48,240
7350,2845,16,1,30,30
7351,2845,32,1,165,165
7352,2845,26,2,50,100
7353,2845,28,4,25,100
7354,2846,2,4,320,1280
7355,2846,3,1,1550,1550
7356,2846,13,1,780,780
7357,2846,4,4,55,220
7358,2846,34,2,3,6
7359,2846,14,4,40,160
7360,2846,24,1,92,92
7361,2847,14,3,40,120
7362,2847,7,3,95,285
7363,2847,12,3,15,45
7364,2848,28,5,25,125
7365,2849,28,4,25,100
7366,2849,37,4,50,200
7367,2850,36,3,9,27
7368,2850,10,3,68,204
7369,2850,40,1,26,26
7370,2850,14,1,40,40
7371,2851,1,2,260,520
7372,2851,34,4,3,12
7373,2851,29,1,240,240
7374,2851,13,2,780,1560
7375,2851,22,1,48,48
7376,2852,15,1,32,32
7377,2852,24,1,92,92
7378,2853,24,1,92,92
7379,2854,4,3,55,165
7380,2854,33,3,78,234
7381,2854,24,5,92,460
7382,2854,37,2,50,100
7383,2854,38,1,44,44
7384,2855,29,2,240,480
7385,2855,17,3,42,126
7386,2855,38,5,44,220
7387,2855,11,5,9,45
7388,2855,26,5,50,250
7389,2855,27,4,45,180
7390,2856,34,2,3,6
7391,2857,24,3,92,276
7392,2857,38,5,44,220
7393,2857,25,1,20,20
7394,2857,37,3,50,150
7395,2857,16,1,30,30
7396,2858,33,2,78,156
7397,2858,20,3,78,234
7398,2858,37,2,50,100
7399,2858,13,2,780,1560
7400,2858,12,4,15,60
7401,2858,38,5,44,220
7402,2858,7,5,95,475
7403,2859,27,1,45,45
7404,2860,31,1,190,190
7405,2860,10,4,68,272
7406,2860,26,2,50,100
7407,2860,8,2,27,54
7408,2860,30,3,115,345
7409,2861,15,5,32,160
7410,2861,34,2,3,6
7411,2861,39,5,14,70
7412,2861,21,1,40,40
7413,2861,24,3,92,276
7414,2862,1,5,260,1300
7415,2862,23,2,18,36
7416,2862,27,4,45,180
7417,2862,8,5,27,135
7418,2862,10,3,68,204
7419,2862,28,5,25,125
7420,2862,22,2,48,96
7421,2863,18,4,36,144
7422,2863,6,3,58,174
7423,2863,36,4,9,36
7424,2863,25,1,20,20
7425,2864,14,5,40,200
7426,2864,1,3,260,780
7427,2864,36,5,9,45
7428,2864,31,3,190,570
7429,2864,28,1,25,25
7430,2864,7,3,95,285
7431,2864,10,2,68,136
7432,2865,18,1,36,36
7433,2865,26,1,50,50
7434,2865,35,2,72,144
7435,2865,10,4,68,272
7436,2865,16,2,30,60
7437,2865,20,1,78,78
7438,2865,33,1,78,78
7439,2866,33,4,78,312
7440,2866,28,5,25,125
7441,2866,26,2,50,100
7442,2866,25,1,20,20
7443,2866,5,1,22,22
7444,2866,4,2,55,110
7445,2867,40,5,26,130
7446,2867,22,3,48,144
7447,2867,2,1,320,320
7448,2867,4,3,55,165
7449,2867,5,5,22,110
7450,2867,25,1,20,20
7451,2867,34,3,3,9
7452,2868,12,4,15,60
7453,2868,34,2,3,6
7454,2868,13,1,780,780
7455,2868,38,3,44,132
7456,2869,18,4,36,144
7457,2869,2,4,320,1280
7458,2870,19,4,30,120
7459,2870,26,4,50,200
7460,2870,11,2,9,18
7461,2870,4,5,55,275
7462,2870,29,1,240,240
7463,2871,2,4,320,1280
7464,2871,36,4,9,36
7465,2871,6,1,58,58
7466,2872,37,3,50,150
7467,2872,39,1,14,14
7468,2873,34,2,3,6
7469,2873,35,2,72,144
7470,2873,17,4,42,168
7471,2873,5,2,22,44
7472,2874,9,3,75,225
7473,2875,11,1,9,9
7474,2875,13,2,780,1560
7475,2875,23,1,18,18
7476,2875,26,2,50,100
7477,2875,7,2,95,190
7478,2875,30,1,115,115
7479,2876,39,1,14,14
7480,2877,8,3,27,81
7481,2877,15,2,32,64
7482,2877,28,4,25,100
7483,2877,16,4,30,120
7484,2878,37,4,50,200
7485,2878,23,1,18,18
7486,2878,25,5,20,100
7487,2878,8,3,27,81
7488,2878,13,2,780,1560
7489,2879,38,3,44,132
7490,2879,4,1,55,55
7491,2879,11,2,9,18
7492,2880,26,1,50,50
7493,2880,19,2,30,60
7494,2880,33,4,78,312
7495,2880,3,1,1550,1550
7496,2880,7,3,95,285
7497,2880,28,1,25,25
7498,2880,18,4,36,144
7499,2881,35,5,72,360
7500,2881,7,2,95,190
7501,2881,10,2,68,136
7502,2881,30,1,115,115
7503,2882,11,4,9,36
7504,2883,38,2,44,88
7505,2883,35,5,72,360
7506,2883,12,5,15,75
7507,2883,7,3,95,285
7508,2883,13,2,780,1560
7509,2883,17,5,42,210
7510,2883,34,4,3,12
7511,2884,28,2,25,50
7512,2884,15,1,32,32
7513,2885,21,4,40,160
7514,2885,27,1,45,45
7515,2885,2,4,320,1280
7516,2885,22,5,48,240
7517,2885,15,5,32,160
7518,2886,28,4,25,100
7519,2886,26,2,50,100
7520,2886,8,4,27,108
7521,2886,30,5,115,575
7522,2886,31,2,190,380
7523,2886,4,1,55,55
7524,2887,1,1,260,260
7525,2887,25,2,20,40
7526,2887,35,2,72,144
7527,2888,23,1,18,18
7528,2888,21,4,40,160
7529,2889,24,4,92,368
7530,2889,1,5,260,1300
7531,2889,22,2,48,96
7532,2889,35,1,72,72
7533,2889,29,1,240,240
7534,2889,7,1,95,95
7535,2890,9,1,75,75
7536,2890,21,5,40,200
7537,2890,37,5,50,250
7538,2890,26,5,50,250
7539,2890,30,3,115,345
7540,2891,28,5,25,125
7541,2891,40,3,26,78
7542,2892,35,2,72,144
7543,2892,2,5,320,1600
7544,2892,11,4,9,36
7545,2892,9,5,75,375
7546,2892,3,2,1550,3100
7547,2892,22,5,48,240
7548,2892,36,3,9,27
7549,2893,9,3,75,225
7550,2893,20,3,78,234
7551,2893,22,4,48,192
7552,2893,33,5,78,390
7553,2893,36,5,9,45
7554,2893,5,4,22,88
7555,2894,3,2,1550,3100
7556,2894,29,2,240,480
7557,2894,6,2,58,116
7558,2894,23,5,18,90
7559,2894,12,2,15,30
7560,2894,16,1,30,30
7561,2894,26,5,50,250
7562,2895,18,4,36,144
7563,2895,25,4,20,80
7564,2895,5,5,22,110
7565,2895,40,5,26,130
7566,2896,25,4,20,80
7567,2896,35,5,72,360
7568,2896,10,4,68,272
7569,2896,40,2,26,52
7570,2897,9,3,75,225
7571,2897,21,5,40,200
7572,2897,34,1,3,3
7573,2897,37,4,50,200
7574,2897,13,1,780,780
7575,2897,32,2,165,330
7576,2897,3,2,1550,3100
7577,2898,18,3,36,108
7578,2899,25,3,20,60
7579,2899,40,5,26,130
7580,2899,22,2,48,96
7581,2899,30,3,115,345
7582,2899,3,2,1550,3100
7583,2899,2,3,320,960
7584,2899,8,3,27,81
7585,2900,34,5,3,15
7586,2900,26,4,50,200
7587,2901,9,3,75,225
7588,2901,23,2,18,36
7589,2902,16,2,30,60
7590,2902,9,5,75,375
7591,2902,35,5,72,360
7592,2902,37,1,50,50
7593,2902,18,3,36,108
7594,2902,26,4,50,200
7595,2903,17,2,42,84
7596,2903,6,5,58,290
7597,2904,22,5,48,240
7598,2904,31,2,190,380
7599,2904,12,2,15,30
7600,2904,40,3,26,78
7601,2904,25,5,20,100
7602,2904,11,5,9,45
7603,2904,35,3,72,216
7604,2905,15,1,32,32
7605,2906,26,4,50,200
7606,2906,24,5,92,460
7607,2906,2,3,320,960
7608,2906,32,1,165,165
7609,2906,34,5,3,15
7610,2907,32,1,165,165
7611,2907,19,2,30,60
7612,2907,17,3,42,126
7613,2908,40,5,26,130
7614,2908,8,4,27,108
7615,2908,33,2,78,156
7616,2908,37,1,50,50
7617,2908,5,2,22,44
7618,2908,39,5,14,70
7619,2909,22,4,48,192
7620,2909,38,3,44,132
7621,2909,16,1,30,30
7622,2909,18,3,36,108
7623,2909,3,2,1550,3100
7624,2909,6,4,58,232
7625,2909,24,1,92,92
7626,2910,21,2,40,80
7627,2910,13,2,780,1560
7628,2910,7,5,95,475
7629,2911,27,1,45,45
7630,2911,31,2,190,380
7631,2912,28,3,25,75
7632,2912,29,1,240,240
7633,2912,21,1,40,40
7634,2912,3,2,1550,3100
7635,2912,2,2,320,640
7636,2912,18,4,36,144
7637,2912,10,4,68,272
7638,2913,38,1,44,44
7639,2913,34,3,3,9
7640,2913,31,3,190,570
7641,2913,36,2,9,18
7642,2913,4,2,55,110
7643,2913,9,5,75,375
7644,2914,36,5,9,45
7645,2914,23,4,18,72
7646,2914,26,4,50,200
7647,2914,11,1,9,9
7648,2914,9,3,75,225
7649,2915,38,2,44,88
7650,2915,33,2,78,156
7651,2915,27,4,45,180
7652,2915,29,2,240,480
7653,2915,35,5,72,360
7654,2915,37,3,50,150
7655,2915,18,3,36,108
7656,2916,22,3,48,144
7657,2916,38,2,44,88
7658,2916,28,5,25,125
7659,2916,24,2,92,184
7660,2916,21,3,40,120
7661,2917,8,1,27,27
7662,2917,6,1,58,58
7663,2917,28,1,25,25
7664,2917,22,2,48,96
7665,2917,2,3,320,960
7666,2918,15,2,32,64
7667,2918,38,1,44,44
7668,2918,5,3,22,66
7669,2919,21,5,40,200
7670,2919,5,2,22,44
7671,2919,14,4,40,160
7672,2919,1,5,260,1300
7673,2919,40,2,26,52
7674,2919,22,1,48,48
7675,2919,31,3,190,570
7676,2920,19,4,30,120
7677,2920,34,5,3,15
7678,2920,40,5,26,130
7679,2921,32,3,165,495
7680,2921,10,4,68,272
7681,2921,40,2,26,52
7682,2921,15,1,32,32
7683,2921,28,2,25,50
7684,2921,29,2,240,480
7685,2922,33,2,78,156
7686,2922,11,5,9,45
7687,2922,24,1,92,92
7688,2922,19,2,30,60
7689,2922,14,2,40,80
7690,2922,5,1,22,22
7691,2922,34,2,3,6
7692,2923,39,3,14,42
7693,2923,10,5,68,340
7694,2924,4,1,55,55
7695,2925,34,4,3,12
7696,2926,32,4,165,660
7697,2926,11,3,9,27
7698,2926,14,1,40,40
7699,2927,11,2,9,18
7700,2927,31,2,190,380
7701,2927,26,3,50,150
7702,2927,34,4,3,12
7703,2927,6,4,58,232
7704,2928,24,2,92,184
7705,2928,36,4,9,36
7706,2928,18,2,36,72
7707,2929,37,5,50,250
7708,2929,3,1,1550,1550
7709,2929,21,1,40,40
7710,2929,10,4,68,272
7711,2929,6,1,58,58
7712,2929,33,5,78,390
7713,2929,30,2,115,230
7714,2930,29,1,240,240
7715,2930,8,4,27,108
7716,2930,31,2,190,380
7717,2930,12,5,15,75
7718,2930,5,5,22,110
7719,2930,30,2,115,230
7720,2931,2,1,320,320
7721,2931,21,4,40,160
7722,2931,12,3,15,45
7723,2931,38,5,44,220
7724,2931,10,1,68,68
7725,2931,14,3,40,120
7726,2931,27,2,45,90
7727,2932,36,2,9,18
7728,2932,10,5,68,340
7729,2932,16,5,30,150
7730,2932,11,2,9,18
7731,2932,21,3,40,120
7732,2933,20,4,78,312
7733,2933,18,2,36,72
7734,2933,27,2,45,90
7735,2933,8,4,27,108
7736,2933,32,3,165,495
7737,2934,2,3,320,960
7738,2934,37,3,50,150
7739,2935,32,5,165,825
7740,2935,40,4,26,104
7741,2935,8,1,27,27
7742,2935,12,2,15,30
7743,2935,29,1,240,240
7744,2936,5,5,22,110
7745,2936,11,4,9,36
7746,2936,4,5,55,275
7747,2936,22,4,48,192
7748,2937,8,2,27,54
7749,2937,14,2,40,80
7750,2937,32,1,165,165
7751,2937,21,1,40,40
7752,2937,9,2,75,150
7753,2937,34,3,3,9
7754,2938,4,5,55,275
7755,2938,36,4,9,36
7756,2938,13,2,780,1560
7757,2938,12,5,15,75
7758,2938,3,2,1550,3100
7759,2938,39,3,14,42
7760,2939,14,4,40,160
7761,2939,24,1,92,92
7762,2939,33,1,78,78
7763,2939,23,2,18,36
7764,2939,12,1,15,15
7765,2939,16,3,30,90
7766,2940,16,5,30,150
7767,2940,25,3,20,60
7768,2940,6,1,58,58
7769,2941,5,1,22,22
7770,2941,23,1,18,18
7771,2941,11,2,9,18
7772,2941,14,5,40,200
7773,2942,38,1,44,44
7774,2942,23,3,18,54
7775,2943,31,2,190,380
7776,2943,18,1,36,36
7777,2944,13,1,780,780
7778,2944,1,5,260,1300
7779,2944,37,4,50,200
7780,2944,27,1,45,45
7781,2944,31,5,190,950
7782,2945,10,1,68,68
7783,2946,10,4,68,272
7784,2946,40,4,26,104
7785,2946,8,2,27,54
7786,2946,14,1,40,40
7787,2946,11,1,9,9
7788,2946,38,5,44,220
7789,2947,6,1,58,58
7790,2947,8,1,27,27
7791,2947,39,5,14,70
7792,2947,25,1,20,20
7793,2947,26,4,50,200
7794,2947,7,2,95,190
7795,2947,9,3,75,225
7796,2948,34,5,3,15
7797,2948,29,1,240,240
7798,2948,16,4,30,120
7799,2948,13,2,780,1560
7800,2948,14,3,40,120
7801,2948,3,1,1550,1550
7802,2949,12,3,15,45
7803,2950,34,1,3,3
7804,2950,7,5,95,475
7805,2950,10,4,68,272
7806,2950,19,5,30,150
7807,2950,12,2,15,30
7808,2950,39,3,14,42
7809,2950,6,1,58,58
7810,2951,21,2,40,80
7811,2951,9,1,75,75
7812,2951,10,5,68,340
7813,2951,39,2,14,28
7814,2951,19,3,30,90
7815,2952,25,5,20,100
7816,2952,5,5,22,110
7817,2952,1,3,260,780
7818,2953,38,1,44,44
7819,2953,32,2,165,330
7820,2954,8,3,27,81
7821,2954,10,5,68,340
7822,2954,18,3,36,108
7823,2954,13,2,780,1560
7824,2955,20,1,78,78
7825,2955,9,2,75,150
7826,2955,14,1,40,40
7827,2955,2,2,320,640
7828,2956,4,2,55,110
7829,2956,28,4,25,100
7830,2956,8,2,27,54
7831,2956,24,5,92,460
7832,2957,18,1,36,36
7833,2957,4,4,55,220
7834,2957,11,1,9,9
7835,2957,39,4,14,56
7836,2958,38,2,44,88
7837,2958,2,3,320,960
7838,2958,27,5,45,225
7839,2958,15,1,32,32
7840,2959,21,2,40,80
7841,2959,17,3,42,126
7842,2959,11,1,9,9
7843,2960,4,5,55,275
7844,2960,8,3,27,81
7845,2961,37,5,50,250
7846,2961,29,1,240,240
7847,2961,24,3,92,276
7848,2961,28,4,25,100
7849,2962,23,3,18,54
7850,2962,24,4,92,368
7851,2962,19,1,30,30
7852,2962,28,2,25,50
7853,2962,12,3,15,45
7854,2963,28,1,25,25
7855,2963,1,1,260,260
7856,2963,8,5,27,135
7857,2963,3,1,1550,1550
7858,2964,14,4,40,160
7859,2965,15,4,32,128
7860,2965,7,2,95,190
7861,2965,29,2,240,480
7862,2965,26,5,50,250
7863,2965,18,1,36,36
7864,2966,1,2,260,520
7865,2966,34,5,3,15
7866,2966,7,1,95,95
7867,2966,24,1,92,92
7868,2966,29,2,240,480
7869,2967,4,4,55,220
7870,2967,30,1,115,115
7871,2967,6,2,58,116
7872,2967,13,1,780,780
7873,2967,33,4,78,312
7874,2967,3,1,1550,1550
7875,2968,6,5,58,290
7876,2968,4,3,55,165
7877,2968,19,4,30,120
7878,2969,13,1,780,780
7879,2969,26,1,50,50
7880,2969,12,1,15,15
7881,2970,28,4,25,100
7882,2970,12,4,15,60
7883,2970,23,4,18,72
7884,2970,35,5,72,360
7885,2970,34,3,3,9
7886,2971,2,3,320,960
7887,2971,14,2,40,80
7888,2971,8,2,27,54
7889,2971,36,5,9,45
7890,2972,29,2,240,480
7891,2972,17,4,42,168
7892,2973,10,1,68,68
7893,2973,6,1,58,58
7894,2973,23,1,18,18
7895,2973,5,3,22,66
7896,2973,34,4,3,12
7897,2973,16,4,30,120
7898,2973,9,4,75,300
7899,2974,20,5,78,390
7900,2975,5,1,22,22
7901,2976,38,1,44,44
7902,2976,32,1,165,165
7903,2976,30,3,115,345
7904,2976,8,5,27,135
7905,2977,35,5,72,360
7906,2977,36,3,9,27
7907,2978,1,3,260,780
7908,2978,21,5,40,200
7909,2978,16,5,30,150
7910,2978,5,5,22,110
7911,2978,12,1,15,15
7912,2979,38,2,44,88
7913,2979,20,4,78,312
7914,2979,32,5,165,825
7915,2979,26,4,50,200
7916,2979,34,1,3,3
7917,2979,40,4,26,104
7918,2979,15,4,32,128
7919,2980,36,2,9,18
7920,2980,19,2,30,60
7921,2980,7,4,95,380
7922,2980,27,3,45,135
7923,2980,25,1,20,20
7924,2981,31,2,190,380
7925,2981,37,3,50,150
7926,2981,18,4,36,144
7927,2981,16,2,30,60
7928,2982,33,3,78,234
7929,2982,38,5,44,220
7930,2983,29,1,240,240
7931,2983,1,1,260,260
7932,2983,5,2,22,44
7933,2983,17,4,42,168
7934,2983,11,1,9,9
7935,2984,30,1,115,115
7936,2984,35,2,72,144
7937,2984,11,1,9,9
7938,2984,7,3,95,285
7939,2984,6,1,58,58
7940,2985,35,1,72,72
7941,2985,6,1,58,58
7942,2985,16,4,30,120
7943,2985,24,1,92,92
7944,2985,33,5,78,390
7945,2985,36,5,9,45
7946,2985,29,2,240,480
7947,2986,33,5,78,390
7948,2986,2,2,320,640
7949,2986,5,2,22,44
7950,2986,35,1,72,72
7951,2986,26,4,50,200
7952,2986,17,3,42,126
7953,2987,33,1,78,78
7954,2987,15,5,32,160
7955,2987,37,2,50,100
7956,2987,29,1,240,240
7957,2987,24,1,92,92
7958,2988,35,3,72,216
7959,2988,3,2,1550,3100
7960,2988,27,1,45,45
7961,2989,12,1,15,15
7962,2989,13,1,780,780
7963,2989,25,5,20,100
7964,2989,37,4,50,200
7965,2989,6,5,58,290
7966,2989,20,3,78,234
7967,2989,26,2,50,100
7968,2990,28,5,25,125
7969,2990,36,4,9,36
7970,2990,33,1,78,78
7971,2990,10,3,68,204
7972,2990,30,1,115,115
7973,2991,23,4,18,72
7974,2991,15,1,32,32
7975,2991,8,3,27,81
7976,2991,17,4,42,168
7977,2991,6,1,58,58
7978,2992,36,5,9,45
7979,2992,16,5,30,150
7980,2992,12,2,15,30
7981,2992,32,3,165,495
7982,2993,25,1,20,20
7983,2993,23,5,18,90
7984,2993,7,4,95,380
7985,2993,30,3,115,345
7986,2993,26,5,50,250
7987,2993,12,4,15,60
7988,2994,35,1,72,72
7989,2994,16,3,30,90
7990,2994,17,4,42,168
7991,2994,40,5,26,130
7992,2995,10,2,68,136
7993,2995,5,5,22,110
7994,2995,29,2,240,480
7995,2996,25,2,20,40
7996,2997,38,5,44,220
7997,2997,16,5,30,150
7998,2997,27,2,45,90
7999,2998,35,5,72,360
8000,2998,26,1,50,50
8001,2998,33,4,78,312
8002,2999,17,2,42,84
8003,2999,26,5,50,250
8004,3000,39,5,14,70
8005,3000,37,1,50,50
8006,3000,5,1,22,22
8007,3000,28,3,25,75
8008,3001,14,5,40,200
8009,3002,16,4,30,120
8010,3002,23,4,18,72
8011,3002,11,1,9,9
8012,3002,14,3,40,120
8013,3002,27,2,45,90
8014,3002,7,2,95,190
8015,3002,15,1,32,32
8016,3003,21,4,40,160
8017,3003,36,3,9,27
8018,3003,33,1,78,78
8019,3004,24,4,92,368
8020,3004,18,2,36,72
8021,3005,8,3,27,81
8022,3005,40,1,26,26
8023,3005,7,2,95,190
8024,3006,19,4,30,120
8025,3006,18,4,36,144
8026,3006,2,1,320,320
8027,3006,37,5,50,250
8028,3006,27,2,45,90
8029,3006,26,3,50,150
8030,3007,35,5,72,360
8031,3007,37,2,50,100
8032,3007,3,1,1550,1550
8033,3007,1,3,260,780
8034,3007,26,1,50,50
8035,3008,18,3,36,108
8036,3008,27,5,45,225
8037,3008,34,2,3,6
8038,3008,7,4,95,380
8039,3009,25,4,20,80
8040,3009,17,5,42,210
8041,3009,35,5,72,360
8042,3009,28,4,25,100
8043,3009,38,3,44,132
8044,3009,16,5,30,150
8045,3010,20,3,78,234
8046,3010,6,1,58,58
8047,3010,21,1,40,40
8048,3010,22,1,48,48
8049,3010,38,5,44,220
8050,3011,39,4,14,56
8051,3011,12,3,15,45
8052,3012,25,1,20,20
8053,3012,3,1,1550,1550
8054,3013,6,5,58,290
8055,3013,28,5,25,125
8056,3013,4,4,55,220
8057,3013,15,2,32,64
8058,3014,21,5,40,200
8059,3014,16,5,30,150
8060,3014,27,3,45,135
8061,3014,9,3,75,225
8062,3015,39,1,14,14
8063,3015,4,1,55,55
8064,3015,25,1,20,20
8065,3016,37,2,50,100
8066,3016,20,1,78,78
8067,3016,9,3,75,225
8068,3016,34,4,3,12
8069,3016,38,4,44,176
8070,3017,18,3,36,108
8071,3017,36,4,9,36
8072,3017,28,3,25,75
8073,3017,38,2,44,88
8074,3017,32,1,165,165
8075,3017,27,3,45,135
8076,3018,28,3,25,75
8077,3018,24,5,92,460
8078,3018,32,1,165,165
8079,3019,29,1,240,240
8080,3019,20,4,78,312
8081,3019,21,2,40,80
8082,3019,15,2,32,64
8083,3019,13,2,780,1560
8084,3020,26,4,50,200
8085,3020,25,3,20,60
8086,3020,9,3,75,225
8087,3021,26,5,50,250
8088,3022,23,2,18,36
8089,3022,15,1,32,32
8090,3022,4,2,55,110
8091,3022,1,2,260,520
8092,3022,28,3,25,75
8093,3023,29,2,240,480
8094,3023,28,3,25,75
8095,3024,9,1,75,75
8096,3024,21,1,40,40
8097,3024,40,1,26,26
8098,3024,5,2,22,44
8099,3025,7,3,95,285
8100,3025,6,5,58,290
8101,3025,24,5,92,460
8102,3026,25,5,20,100
8103,3026,4,5,55,275
8104,3026,1,4,260,1040
8105,3026,35,4,72,288
8106,3026,38,4,44,176
8107,3026,7,5,95,475
8108,3027,13,2,780,1560
8109,3027,6,4,58,232
8110,3028,1,1,260,260
8111,3028,18,2,36,72
8112,3028,29,1,240,240
8113,3028,9,2,75,150
8114,3028,27,1,45,45
8115,3028,17,2,42,84
8116,3028,11,5,9,45
8117,3029,31,4,190,760
8118,3029,22,3,48,144
8119,3030,38,3,44,132
8120,3030,25,3,20,60
8121,3030,35,5,72,360
8122,3030,4,2,55,110
8123,3030,30,3,115,345
8124,3030,23,2,18,36
8125,3031,36,5,9,45
8126,3032,17,1,42,42
8127,3032,24,4,92,368
8128,3032,18,3,36,108
8129,3033,24,2,92,184
8130,3033,19,2,30,60
8131,3033,30,1,115,115
8132,3034,9,2,75,150
8133,3035,29,2,240,480
8134,3035,19,2,30,60
8135,3035,35,2,72,144
8136,3035,32,3,165,495
8137,3035,6,2,58,116
8138,3035,40,4,26,104
8139,3036,2,5,320,1600
8140,3036,13,2,780,1560
8141,3037,11,1,9,9
8142,3037,5,5,22,110
8143,3037,31,4,190,760
8144,3037,23,2,18,36
8145,3037,1,1,260,260
8146,3037,35,3,72,216
8147,3038,13,1,780,780
8148,3038,3,2,1550,3100
8149,3038,25,5,20,100
8150,3039,10,1,68,68
8151,3039,18,5,36,180
8152,3039,15,1,32,32
8153,3039,22,4,48,192
8154,3039,38,4,44,176
8155,3039,20,4,78,312
8156,3039,1,5,260,1300
8157,3040,33,2,78,156
8158,3040,5,3,22,66
8159,3040,28,3,25,75
8160,3041,24,5,92,460
8161,3041,17,2,42,84
8162,3041,28,5,25,125
8163,3042,5,2,22,44
8164,3042,31,4,190,760
8165,3042,39,5,14,70
8166,3043,1,2,260,520
8167,3044,39,3,14,42
8168,3044,8,5,27,135
8169,3044,10,4,68,272
8170,3044,35,5,72,360
8171,3044,30,5,115,575
8172,3044,33,5,78,390
8173,3045,38,1,44,44
8174,3045,34,3,3,9
8175,3045,33,3,78,234
8176,3045,10,4,68,272
8177,3046,9,3,75,225
8178,3046,31,4,190,760
8179,3046,7,2,95,190
8180,3046,18,1,36,36
8181,3046,29,1,240,240
8182,3047,39,5,14,70
8183,3047,35,2,72,144
8184,3047,25,5,20,100
8185,3047,17,4,42,168
8186,3047,12,2,15,30
8187,3047,18,5,36,180
8188,3047,9,2,75,150
8189,3048,37,1,50,50
8190,3048,7,5,95,475
8191,3049,2,2,320,640
8192,3049,26,5,50,250
8193,3049,11,5,9,45
8194,3049,37,1,50,50
8195,3050,37,1,50,50
8196,3050,36,1,9,9
8197,3050,14,2,40,80
8198,3050,11,2,9,18
8199,3050,10,2,68,136
8200,3050,8,1,27,27
8201,3051,34,1,3,3
8202,3051,25,5,20,100
8203,3051,30,5,115,575
8204,3051,28,5,25,125
8205,3051,39,4,14,56
8206,3051,8,4,27,108
8207,3052,1,1,260,260
8208,3053,19,5,30,150
8209,3053,13,2,780,1560
8210,3053,24,3,92,276
8211,3053,25,2,20,40
8212,3053,6,1,58,58
8213,3053,40,5,26,130
8214,3053,4,5,55,275
8215,3054,4,3,55,165
8216,3054,31,4,190,760
8217,3054,18,5,36,180
8218,3054,27,3,45,135
8219,3054,36,1,9,9
8220,3054,9,1,75,75
8221,3054,13,1,780,780
8222,3055,2,2,320,640
8223,3055,30,1,115,115
8224,3056,18,4,36,144
8225,3056,22,1,48,48
8226,3056,38,3,44,132
8227,3057,3,2,1550,3100
8228,3058,25,3,20,60
8229,3058,28,3,25,75
8230,3058,18,1,36,36
8231,3058,6,1,58,58
8232,3058,5,2,22,44
8233,3058,1,3,260,780
8234,3059,29,2,240,480
8235,3060,26,5,50,250
8236,3061,40,5,26,130
8237,3061,31,1,190,190
8238,3061,3,2,1550,3100
8239,3062,36,2,9,18
8240,3062,13,2,780,1560
8241,3062,28,5,25,125
8242,3062,27,5,45,225
8243,3062,40,5,26,130
8244,3062,39,5,14,70
8245,3062,19,4,30,120
8246,3063,25,1,20,20
8247,3063,39,5,14,70
8248,3064,35,5,72,360
8249,3064,28,5,25,125
8250,3065,34,1,3,3
8251,3065,32,3,165,495
8252,3065,40,5,26,130
8253,3065,5,4,22,88
8254,3066,24,5,92,460
8255,3066,30,4,115,460
8256,3067,2,1,320,320
8257,3067,39,2,14,28
8258,3067,16,4,30,120
8259,3067,9,3,75,225
8260,3068,34,1,3,3
8261,3068,37,3,50,150
8262,3068,36,1,9,9
8263,3068,12,5,15,75
8264,3069,1,5,260,1300
8265,3069,37,3,50,150
8266,3069,24,1,92,92
8267,3069,9,4,75,300
8268,3069,5,4,22,88
8269,3069,30,4,115,460
8270,3069,38,3,44,132
8271,3070,6,1,58,58
8272,3070,9,5,75,375
8273,3070,32,5,165,825
8274,3070,19,2,30,60
8275,3070,25,3,20,60
8276,3070,12,1,15,15
8277,3071,38,2,44,88
8278,3071,26,2,50,100
8279,3071,9,5,75,375
8280,3071,28,4,25,100
8281,3071,18,3,36,108
8282,3072,38,3,44,132
8283,3072,5,2,22,44
8284,3072,29,1,240,240
8285,3072,4,5,55,275
8286,3072,17,3,42,126
8287,3073,19,2,30,60
8288,3073,24,1,92,92
8289,3073,32,5,165,825
8290,3073,3,1,1550,1550
8291,3073,21,2,40,80
8292,3073,28,3,25,75
8293,3074,1,4,260,1040
8294,3074,37,2,50,100
8295,3074,2,3,320,960
8296,3074,4,4,55,220
8297,3075,4,2,55,110
8298,3075,30,3,115,345
8299,3075,11,4,9,36
8300,3076,33,5,78,390
8301,3076,11,3,9,27
8302,3077,18,2,36,72
8303,3077,1,2,260,520
8304,3077,4,3,55,165
8305,3077,6,4,58,232
8306,3077,32,2,165,330
8307,3077,34,1,3,3
8308,3078,27,5,45,225
8309,3078,5,3,22,66
8310,3079,31,1,190,190
8311,3080,23,2,18,36
8312,3080,36,4,9,36
8313,3080,4,1,55,55
8314,3080,6,1,58,58
8315,3080,8,3,27,81
8316,3080,24,2,92,184
8317,3080,1,4,260,1040
8318,3081,3,1,1550,1550
8319,3082,29,1,240,240
8320,3082,4,4,55,220
8321,3082,37,5,50,250
8322,3082,9,3,75,225
8323,3082,13,1,780,780
8324,3082,3,1,1550,1550
8325,3082,35,4,72,288
8326,3083,6,5,58,290
8327,3083,33,3,78,234
8328,3083,37,3,50,150
8329,3084,10,4,68,272
8330,3084,37,4,50,200
8331,3085,36,5,9,45
8332,3085,37,3,50,150
8333,3085,14,3,40,120
8334,3085,27,4,45,180
8335,3085,23,1,18,18
8336,3086,6,2,58,116
8337,3086,40,3,26,78
8338,3086,33,5,78,390
8339,3086,10,1,68,68
8340,3087,5,3,22,66
8341,3087,3,1,1550,1550
8342,3088,23,4,18,72
8343,3088,36,2,9,18
8344,3089,12,3,15,45
8345,3089,5,5,22,110
8346,3089,30,2,115,230
8347,3089,19,3,30,90
8348,3089,14,2,40,80
8349,3089,24,4,92,368
8350,3090,4,4,55,220
8351,3090,26,4,50,200
8352,3090,18,2,36,72
8353,3090,35,5,72,360
8354,3090,28,5,25,125
8355,3091,33,2,78,156
8356,3091,13,2,780,1560
8357,3091,36,3,9,27
8358,3091,20,4,78,312
8359,3091,12,2,15,30
8360,3092,4,4,55,220
8361,3092,22,5,48,240
8362,3092,29,2,240,480
8363,3092,18,3,36,108
8364,3092,26,1,50,50
8365,3093,26,2,50,100
8366,3093,11,1,9,9
8367,3093,14,5,40,200
8368,3094,35,3,72,216
8369,3095,3,2,1550,3100
8370,3096,2,4,320,1280
8371,3096,39,5,14,70
8372,3096,7,4,95,380
8373,3096,15,1,32,32
8374,3096,38,5,44,220
8375,3096,6,1,58,58
8376,3097,22,4,48,192
8377,3097,19,1,30,30
8378,3098,12,3,15,45
8379,3098,11,1,9,9
8380,3098,2,2,320,640
8381,3098,26,1,50,50
8382,3098,24,1,92,92
8383,3098,15,2,32,64
8384,3099,29,2,240,480
8385,3099,21,1,40,40
8386,3100,11,1,9,9
8387,3101,21,3,40,120
8388,3102,12,3,15,45
8389,3102,23,4,18,72
8390,3103,40,1,26,26
8391,3103,22,4,48,192
8392,3103,3,1,1550,1550
8393,3103,29,1,240,240
8394,3103,19,4,30,120
8395,3103,38,5,44,220
8396,3104,4,1,55,55
8397,3104,23,1,18,18
8398,3104,38,1,44,44
8399,3104,24,4,92,368
8400,3104,2,3,320,960
8401,3105,40,3,26,78
8402,3105,14,3,40,120
8403,3105,20,2,78,156
8404,3105,1,1,260,260
8405,3105,39,2,14,28
8406,3105,8,4,27,108
8407,3106,33,3,78,234
8408,3107,5,3,22,66
8409,3108,40,3,26,78
8410,3108,7,2,95,190
8411,3108,15,3,32,96
8412,3108,22,5,48,240
8413,3108,12,3,15,45
8414,3108,35,2,72,144
8415,3109,24,1,92,92
8416,3110,4,4,55,220
8417,3111,37,1,50,50
8418,3111,1,1,260,260
8419,3111,2,5,320,1600
8420,3111,26,4,50,200
8421,3111,28,4,25,100
8422,3112,17,3,42,126
8423,3112,3,1,1550,1550
8424,3112,16,2,30,60
8425,3112,31,2,190,380
8426,3113,38,1,44,44
8427,3113,24,4,92,368
8428,3113,15,4,32,128
8429,3114,25,2,20,40
8430,3114,11,2,9,18
8431,3114,22,3,48,144
8432,3114,21,1,40,40
8433,3115,32,4,165,660
8434,3116,17,3,42,126
8435,3116,9,1,75,75
8436,3116,26,4,50,200
8437,3117,17,2,42,84
8438,3117,12,2,15,30
8439,3117,38,3,44,132
8440,3117,4,3,55,165
8441,3117,37,1,50,50
8442,3118,1,5,260,1300
8443,3119,27,3,45,135
8444,3120,1,4,260,1040
8445,3120,35,5,72,360
8446,3121,16,1,30,30
8447,3121,1,4,260,1040
8448,3121,10,4,68,272
8449,3122,15,3,32,96
8450,3122,9,4,75,300
8451,3122,40,3,26,78
8452,3122,1,5,260,1300
8453,3123,35,2,72,144
8454,3123,29,2,240,480
8455,3123,21,3,40,120
8456,3123,37,2,50,100
8457,3123,12,4,15,60
8458,3124,15,4,32,128
8459,3125,12,2,15,30
8460,3125,1,1,260,260
8461,3125,10,3,68,204
8462,3125,30,4,115,460
8463,3125,24,4,92,368
8464,3125,23,1,18,18
8465,3126,39,2,14,28
8466,3126,9,2,75,150
8467,3126,1,5,260,1300
8468,3126,29,1,240,240
8469,3126,8,2,27,54
8470,3126,6,2,58,116
8471,3127,11,5,9,45
8472,3127,7,1,95,95
8473,3127,39,5,14,70
8474,3127,5,5,22,110
8475,3128,1,1,260,260
8476,3128,24,1,92,92
8477,3128,37,5,50,250
8478,3128,7,4,95,380
8479,3129,35,5,72,360
8480,3129,24,5,92,460
8481,3130,38,5,44,220
8482,3131,30,1,115,115
8483,3131,31,3,190,570
8484,3131,11,2,9,18
8485,3131,7,4,95,380
8486,3131,25,5,20,100
8487,3131,34,5,3,15
8488,3132,14,5,40,200
8489,3132,5,3,22,66
8490,3132,36,3,9,27
8491,3132,25,3,20,60
8492,3132,10,1,68,68
8493,3132,33,1,78,78
8494,3132,31,5,190,950
8495,3133,31,1,190,190
8496,3133,11,2,9,18
8497,3134,14,2,40,80
8498,3134,40,2,26,52
8499,3134,19,1,30,30
8500,3134,35,3,72,216
8501,3134,9,1,75,75
8502,3135,18,5,36,180
8503,3135,32,1,165,165
8504,3135,14,1,40,40
8505,3136,24,2,92,184
8506,3136,37,1,50,50
8507,3136,39,2,14,28
8508,3136,13,1,780,780
8509,3137,14,4,40,160
8510,3137,4,4,55,220
8511,3137,18,3,36,108
8512,3137,10,2,68,136
8513,3137,15,1,32,32
8514,3137,9,2,75,150
8515,3138,13,1,780,780
8516,3138,3,2,1550,3100
8517,3138,9,3,75,225
8518,3139,27,4,45,180
8519,3140,1,5,260,1300
8520,3140,4,2,55,110
8521,3141,29,1,240,240
8522,3141,30,1,115,115
8523,3141,39,2,14,28
8524,3141,23,5,18,90
8525,3141,26,1,50,50
8526,3141,7,4,95,380
8527,3141,15,1,32,32
8528,3142,25,5,20,100
8529,3142,39,5,14,70
8530,3142,3,1,1550,1550
8531,3143,2,2,320,640
8532,3144,35,1,72,72
8533,3144,18,2,36,72
8534,3144,5,1,22,22
8535,3144,25,4,20,80
8536,3144,26,4,50,200
8537,3144,11,1,9,9
8538,3144,10,5,68,340
8539,3145,24,5,92,460
8540,3146,27,4,45,180
8541,3146,26,2,50,100
8542,3146,30,4,115,460
8543,3147,6,4,58,232
8544,3147,37,3,50,150
8545,3148,4,3,55,165
8546,3148,20,3,78,234
8547,3148,38,1,44,44
8548,3149,28,2,25,50
8549,3149,26,2,50,100
8550,3149,13,2,780,1560
8551,3149,20,3,78,234
8552,3150,20,4,78,312
8553,3151,30,2,115,230
8554,3151,13,2,780,1560
8555,3152,28,3,25,75
8556,3152,8,2,27,54
8557,3153,27,5,45,225
8558,3153,9,3,75,225
8559,3154,10,1,68,68
8560,3154,7,5,95,475
8561,3154,33,4,78,312
8562,3155,40,1,26,26
8563,3155,7,5,95,475
8564,3155,27,5,45,225
8565,3155,10,4,68,272
8566,3155,16,3,30,90
8567,3156,13,1,780,780
8568,3156,36,2,9,18
8569,3157,19,2,30,60
8570,3157,30,2,115,230
8571,3157,12,2,15,30
8572,3157,24,3,92,276
8573,3157,4,2,55,110
8574,3157,37,1,50,50
8575,3158,16,3,30,90
8576,3158,5,3,22,66
8577,3158,6,3,58,174
8578,3158,24,4,92,368
8579,3158,34,4,3,12
8580,3158,32,5,165,825
8581,3158,26,3,50,150
8582,3159,22,3,48,144
8583,3159,30,2,115,230
8584,3159,26,3,50,150
8585,3159,38,2,44,88
8586,3160,24,4,92,368
8587,3160,37,5,50,250
8588,3160,31,5,190,950
8589,3160,18,4,36,144
8590,3161,5,3,22,66
8591,3161,28,3,25,75
8592,3161,14,1,40,40
8593,3161,18,5,36,180
8594,3161,9,1,75,75
8595,3161,6,5,58,290
8596,3161,12,3,15,45
8597,3162,40,2,26,52
8598,3162,20,3,78,234
8599,3162,33,3,78,234
8600,3162,6,5,58,290
8601,3162,22,4,48,192
8602,3162,12,4,15,60
8603,3162,26,3,50,150
8604,3163,12,3,15,45
8605,3163,8,2,27,54
8606,3163,16,2,30,60
8607,3163,1,3,260,780
8608,3164,38,3,44,132
8609,3164,8,5,27,135
8610,3164,18,5,36,180
8611,3164,12,2,15,30
8612,3164,25,2,20,40
8613,3164,39,2,14,28
8614,3164,19,4,30,120
8615,3165,8,4,27,108
8616,3165,20,2,78,156
8617,3165,21,4,40,160
8618,3165,39,2,14,28
8619,3165,14,1,40,40
8620,3165,4,1,55,55
8621,3165,29,1,240,240
8622,3166,8,1,27,27
8623,3166,32,1,165,165
8624,3166,34,3,3,9
8625,3166,23,5,18,90
8626,3166,11,4,9,36
8627,3167,36,3,9,27
8628,3168,14,2,40,80
8629,3168,24,4,92,368
8630,3169,30,4,115,460
8631,3169,17,2,42,84
8632,3169,18,2,36,72
8633,3169,32,1,165,165
8634,3169,4,5,55,275
8635,3170,22,4,48,192
8636,3170,10,2,68,136
8637,3170,15,5,32,160
8638,3170,29,2,240,480
8639,3171,21,1,40,40
8640,3171,27,3,45,135
8641,3171,13,1,780,780
8642,3171,30,1,115,115
8643,3172,23,5,18,90
8644,3172,10,1,68,68
8645,3172,29,1,240,240
8646,3172,35,1,72,72
8647,3172,5,2,22,44
8648,3172,2,4,320,1280
8649,3172,24,2,92,184
8650,3173,9,1,75,75
8651,3173,5,4,22,88
8652,3173,20,1,78,78
8653,3173,12,5,15,75
8654,3173,21,3,40,120
8655,3173,30,2,115,230
8656,3174,8,2,27,54
8657,3174,14,1,40,40
8658,3174,26,2,50,100
8659,3174,34,1,3,3
8660,3174,6,2,58,116
8661,3175,40,2,26,52
8662,3175,23,1,18,18
8663,3175,10,5,68,340
8664,3175,34,2,3,6
8665,3176,32,3,165,495
8666,3176,16,2,30,60
8667,3176,23,2,18,36
8668,3176,9,2,75,150
8669,3176,24,2,92,184
8670,3177,40,5,26,130
8671,3177,13,1,780,780
8672,3178,19,4,30,120
8673,3179,15,1,32,32
8674,3179,23,5,18,90
8675,3179,40,3,26,78
8676,3179,9,1,75,75
8677,3179,38,4,44,176
8678,3179,28,4,25,100
8679,3180,4,4,55,220
8680,3181,33,4,78,312
8681,3182,32,1,165,165
8682,3182,8,1,27,27
8683,3182,33,1,78,78
8684,3182,11,4,9,36
8685,3182,13,1,780,780
8686,3183,26,5,50,250
8687,3183,7,2,95,190
8688,3184,36,5,9,45
8689,3184,12,3,15,45
8690,3184,6,4,58,232
8691,3184,32,4,165,660
8692,3184,28,2,25,50
8693,3185,29,1,240,240
8694,3185,17,2,42,84
8695,3185,9,2,75,150
8696,3186,11,1,9,9
8697,3186,33,5,78,390
8698,3187,17,5,42,210
8699,3187,10,2,68,136
8700,3187,23,2,18,36
8701,3188,23,4,18,72
8702,3188,26,2,50,100
8703,3189,40,2,26,52
8704,3189,22,1,48,48
8705,3189,14,1,40,40
8706,3189,24,5,92,460
8707,3189,4,1,55,55
8708,3189,25,3,20,60
8709,3189,16,4,30,120
8710,3190,32,2,165,330
8711,3190,18,5,36,180
8712,3190,7,3,95,285
8713,3190,16,1,30,30
8714,3190,1,5,260,1300
8715,3190,40,3,26,78
8716,3191,1,4,260,1040
8717,3191,5,2,22,44
8718,3192,19,4,30,120
8719,3192,26,1,50,50
8720,3192,15,3,32,96
8721,3192,37,3,50,150
8722,3192,31,4,190,760
8723,3193,24,3,92,276
8724,3194,5,1,22,22
8725,3194,12,1,15,15
8726,3194,24,5,92,460
8727,3194,6,3,58,174
8728,3194,28,3,25,75
8729,3195,18,4,36,144
8730,3195,2,5,320,1600
8731,3195,37,2,50,100
8732,3195,6,5,58,290
8733,3196,29,1,240,240
8734,3196,36,1,9,9
8735,3196,32,4,165,660
8736,3197,1,1,260,260
8737,3197,9,5,75,375
8738,3197,2,4,320,1280
8739,3197,17,1,42,42
8740,3197,11,2,9,18
8741,3197,28,1,25,25
8742,3197,36,2,9,18
8743,3198,5,4,22,88
8744,3198,13,2,780,1560
8745,3198,37,4,50,200
8746,3199,37,2,50,100
8747,3199,30,1,115,115
8748,3199,26,2,50,100
8749,3199,3,2,1550,3100
8750,3199,34,4,3,12
8751,3200,15,4,32,128
8752,3200,6,4,58,232
8753,3200,39,1,14,14
8754,3200,12,4,15,60
8755,3201,37,4,50,200
8756,3201,34,5,3,15
8757,3201,35,4,72,288
8758,3202,16,2,30,60
8759,3202,14,1,40,40
8760,3202,37,5,50,250
8761,3203,25,3,20,60
8762,3204,2,3,320,960
8763,3204,33,2,78,156
8764,3205,8,2,27,54
8765,3205,10,1,68,68
8766,3206,23,3,18,54
8767,3207,25,3,20,60
8768,3207,18,4,36,144
8769,3207,19,1,30,30
8770,3207,37,1,50,50
8771,3208,9,5,75,375
8772,3209,26,4,50,200
8773,3209,20,3,78,234
8774,3209,35,5,72,360
8775,3209,28,4,25,100
8776,3210,29,2,240,480
8777,3210,20,4,78,312
8778,3210,6,1,58,58
8779,3210,27,3,45,135
8780,3210,13,2,780,1560
8781,3211,2,2,320,640
8782,3212,21,1,40,40
8783,3212,15,5,32,160
8784,3212,31,4,190,760
8785,3213,37,4,50,200
8786,3213,28,4,25,100
8787,3213,40,1,26,26
8788,3214,37,2,50,100
8789,3215,25,5,20,100
8790,3215,15,4,32,128
8791,3215,21,1,40,40
8792,3215,14,2,40,80
8793,3215,4,3,55,165
8794,3216,8,4,27,108
8795,3216,11,4,9,36
8796,3216,34,2,3,6
8797,3217,20,3,78,234
8798,3217,16,5,30,150
8799,3217,6,5,58,290
8800,3217,21,5,40,200
8801,3218,22,4,48,192
8802,3218,40,2,26,52
8803,3218,26,3,50,150
8804,3218,23,3,18,54
8805,3218,19,3,30,90
8806,3219,19,5,30,150
8807,3219,15,5,32,160
8808,3219,20,5,78,390
8809,3219,17,2,42,84
8810,3219,5,5,22,110
8811,3219,38,2,44,88
8812,3219,8,3,27,81
8813,3220,38,5,44,220
8814,3220,29,2,240,480
8815,3220,19,4,30,120
8816,3221,2,2,320,640
8817,3221,34,2,3,6
8818,3221,36,1,9,9
8819,3222,22,2,48,96
8820,3222,33,5,78,390
8821,3222,27,5,45,225
8822,3222,9,5,75,375
8823,3222,39,5,14,70
8824,3223,18,1,36,36
8825,3223,7,2,95,190
8826,3223,16,1,30,30
8827,3223,11,4,9,36
8828,3223,39,1,14,14
8829,3223,1,4,260,1040
8830,3223,29,2,240,480
8831,3224,34,4,3,12
8832,3224,23,3,18,54
8833,3224,13,2,780,1560
8834,3225,38,1,44,44
8835,3225,9,3,75,225
8836,3225,3,2,1550,3100
8837,3225,16,5,30,150
8838,3226,20,2,78,156
8839,3226,25,5,20,100
8840,3226,5,1,22,22
8841,3226,10,1,68,68
8842,3227,23,1,18,18
8843,3227,7,2,95,190
8844,3228,30,3,115,345
8845,3228,22,5,48,240
8846,3228,26,3,50,150
8847,3228,23,4,18,72
8848,3228,34,1,3,3
8849,3228,38,5,44,220
8850,3229,6,3,58,174
8851,3229,37,3,50,150
8852,3229,40,5,26,130
8853,3229,14,3,40,120
8854,3230,17,4,42,168
8855,3230,21,2,40,80
8856,3231,5,5,22,110
8857,3232,4,2,55,110
8858,3232,14,4,40,160
8859,3232,19,2,30,60
8860,3233,9,2,75,150
8861,3233,3,2,1550,3100
8862,3233,16,4,30,120
8863,3233,13,1,780,780
8864,3233,20,1,78,78
8865,3233,30,1,115,115
8866,3234,15,5,32,160
8867,3234,29,2,240,480
8868,3234,38,5,44,220
8869,3235,2,1,320,320
8870,3235,3,1,1550,1550
8871,3235,36,1,9,9
8872,3235,21,4,40,160
8873,3235,10,4,68,272
8874,3235,18,3,36,108
8875,3235,25,1,20,20
8876,3236,17,3,42,126
8877,3236,13,1,780,780
8878,3236,3,1,1550,1550
8879,3236,20,2,78,156
8880,3237,24,4,92,368
8881,3237,4,4,55,220
8882,3237,11,3,9,27
8883,3237,36,2,9,18
8884,3237,40,4,26,104
8885,3238,22,2,48,96
8886,3238,11,1,9,9
8887,3238,13,1,780,780
8888,3238,38,1,44,44
8889,3238,9,2,75,150
8890,3238,34,3,3,9
8891,3238,10,4,68,272
8892,3239,7,2,95,190
8893,3239,14,3,40,120
8894,3239,1,4,260,1040
8895,3239,15,4,32,128
8896,3239,2,4,320,1280
8897,3240,8,4,27,108
8898,3241,1,4,260,1040
8899,3241,29,2,240,480
8900,3241,28,3,25,75
8901,3242,4,3,55,165
8902,3242,12,2,15,30
8903,3243,6,2,58,116
8904,3244,36,2,9,18
8905,3244,17,3,42,126
8906,3244,32,2,165,330
8907,3244,11,1,9,9
8908,3244,16,2,30,60
8909,3245,19,4,30,120
8910,3245,30,2,115,230
8911,3245,5,2,22,44
8912,3245,38,2,44,88
8913,3245,2,3,320,960
8914,3246,24,4,92,368
8915,3247,27,3,45,135
8916,3247,17,4,42,168
8917,3247,35,1,72,72
8918,3247,30,5,115,575
8919,3247,7,5,95,475
8920,3247,31,2,190,380
8921,3247,32,3,165,495
8922,3248,25,5,20,100
8923,3249,35,4,72,288
8924,3249,29,1,240,240
8925,3250,33,3,78,234
8926,3250,5,5,22,110
8927,3250,12,1,15,15
8928,3251,38,2,44,88
8929,3251,22,2,48,96
8930,3251,25,4,20,80
8931,3251,26,2,50,100
8932,3251,35,2,72,144
8933,3251,19,4,30,120
8934,3251,17,5,42,210
8935,3252,5,5,22,110
8936,3252,12,4,15,60
8937,3252,7,5,95,475
8938,3252,9,1,75,75
8939,3252,6,2,58,116
8940,3252,36,3,9,27
8941,3252,4,5,55,275
8942,3253,40,4,26,104
8943,3253,4,3,55,165
8944,3253,5,1,22,22
8945,3253,30,2,115,230
8946,3254,10,3,68,204
8947,3254,23,3,18,54
8948,3254,7,2,95,190
8949,3254,38,5,44,220
8950,3254,40,3,26,78
8951,3255,8,4,27,108
8952,3255,32,3,165,495
8953,3255,7,2,95,190
8954,3255,12,2,15,30
8955,3255,37,5,50,250
8956,3255,10,4,68,272
8957,3256,11,3,9,27
8958,3256,2,2,320,640
8959,3257,25,4,20,80
8960,3258,21,5,40,200
8961,3258,17,2,42,84
8962,3258,38,2,44,88
8963,3258,25,3,20,60
8964,3258,13,2,780,1560
8965,3258,36,3,9,27
8966,3259,2,5,320,1600
8967,3259,20,5,78,390
8968,3259,33,5,78,390
8969,3259,34,3,3,9
8970,3260,18,1,36,36
8971,3261,11,3,9,27
8972,3261,1,2,260,520
8973,3261,24,4,92,368
8974,3261,25,4,20,80
8975,3261,33,3,78,234
8976,3261,23,5,18,90
8977,3261,5,2,22,44
8978,3262,28,4,25,100
8979,3262,14,2,40,80
8980,3262,11,3,9,27
8981,3262,39,2,14,28
8982,3263,32,3,165,495
8983,3263,31,5,190,950
8984,3263,21,2,40,80
8985,3263,11,1,9,9
8986,3264,6,2,58,116
8987,3264,26,5,50,250
8988,3264,23,2,18,36
8989,3264,35,1,72,72
8990,3265,24,3,92,276
8991,3265,37,4,50,200
8992,3265,11,2,9,18
8993,3265,10,1,68,68
8994,3265,19,2,30,60
8995,3265,8,5,27,135
8996,3266,38,2,44,88
8997,3266,26,5,50,250
8998,3266,15,3,32,96
8999,3266,28,2,25,50
9000,3266,16,1,30,30
9001,3266,30,4,115,460
9002,3266,10,4,68,272
9003,3267,22,5,48,240
9004,3268,2,1,320,320
9005,3268,36,2,9,18
9006,3268,22,5,48,240
9007,3268,7,1,95,95
9008,3268,13,1,780,780
9009,3269,37,1,50,50
9010,3269,35,1,72,72
9011,3269,15,2,32,64
9012,3270,10,3,68,204
9013,3270,7,5,95,475
9014,3270,12,2,15,30
9015,3270,5,4,22,88
9016,3270,24,5,92,460
9017,3270,19,4,30,120
9018,3270,33,5,78,390
9019,3271,26,1,50,50
9020,3271,20,5,78,390
9021,3271,1,3,260,780
9022,3271,7,3,95,285
9023,3272,35,1,72,72
9024,3272,4,4,55,220
9025,3272,25,2,20,40
9026,3272,20,5,78,390
9027,3272,9,5,75,375
9028,3273,29,2,240,480
9029,3273,34,4,3,12
9030,3273,31,4,190,760
9031,3273,16,3,30,90
9032,3274,26,1,50,50
9033,3274,20,5,78,390
9034,3274,8,2,27,54
9035,3274,28,4,25,100
9036,3274,9,2,75,150
9037,3274,14,2,40,80
9038,3274,19,1,30,30
9039,3275,12,1,15,15
9040,3275,2,1,320,320
9041,3276,11,2,9,18
9042,3276,40,1,26,26
9043,3276,17,3,42,126
9044,3277,32,4,165,660
9045,3277,33,2,78,156
9046,3277,37,4,50,200
9047,3277,8,5,27,135
9048,3277,6,5,58,290
9049,3277,31,5,190,950
9050,3278,18,2,36,72
9051,3278,37,1,50,50
9052,3278,34,5,3,15
9053,3278,7,1,95,95
9054,3278,11,1,9,9
9055,3279,28,2,25,50
9056,3279,27,1,45,45
9057,3280,1,2,260,520
9058,3281,35,1,72,72
9059,3281,26,1,50,50
9060,3282,3,1,1550,1550
9061,3282,21,5,40,200
9062,3282,12,2,15,30
9063,3283,1,2,260,520
9064,3283,23,5,18,90
9065,3283,36,5,9,45
9066,3283,11,1,9,9
9067,3283,27,1,45,45
9068,3284,26,4,50,200
9069,3284,35,2,72,144
9070,3284,28,2,25,50
9071,3284,11,2,9,18
9072,3285,36,1,9,9
9073,3285,14,5,40,200
9074,3285,33,3,78,234
9075,3285,25,1,20,20
9076,3285,39,5,14,70
9077,3285,40,4,26,104
9078,3285,31,2,190,380
9079,3286,30,3,115,345
9080,3286,7,1,95,95
9081,3286,16,1,30,30
9082,3286,28,1,25,25
9083,3287,10,2,68,136
9084,3287,33,2,78,156
9085,3288,39,2,14,28
9086,3288,10,4,68,272
9087,3288,7,5,95,475
9088,3288,35,1,72,72
9089,3288,33,5,78,390
9090,3288,15,4,32,128
9091,3289,2,4,320,1280
9092,3289,26,1,50,50
9093,3289,31,1,190,190
9094,3290,24,5,92,460
9095,3290,38,1,44,44
9096,3290,11,3,9,27
9097,3290,1,2,260,520
9098,3291,5,1,22,22
9099,3291,9,3,75,225
9100,3291,30,5,115,575
9101,3291,29,2,240,480
9102,3291,27,5,45,225
9103,3291,8,5,27,135
9104,3291,38,2,44,88
9105,3292,20,4,78,312
9106,3292,23,4,18,72
9107,3292,32,3,165,495
9108,3292,12,4,15,60
9109,3292,2,5,320,1600
9110,3293,11,2,9,18
9111,3293,40,3,26,78
9112,3293,23,4,18,72
9113,3293,37,2,50,100
9114,3294,40,2,26,52
9115,3294,33,3,78,234
9116,3294,38,3,44,132
9117,3295,39,1,14,14
9118,3295,18,4,36,144
9119,3296,20,2,78,156
9120,3296,9,5,75,375
9121,3296,38,4,44,176
9122,3296,2,4,320,1280
9123,3296,29,2,240,480
9124,3296,18,1,36,36
9125,3297,29,2,240,480
9126,3297,37,3,50,150
9127,3297,26,5,50,250
9128,3297,32,3,165,495
9129,3297,2,5,320,1600
9130,3297,1,5,260,1300
9131,3297,30,3,115,345
9132,3298,18,5,36,180
9133,3298,5,3,22,66
9134,3298,33,1,78,78
9135,3298,13,2,780,1560
9136,3299,16,2,30,60
9137,3299,19,4,30,120
9138,3299,30,5,115,575
9139,3299,34,5,3,15
9140,3300,35,3,72,216
9141,3300,7,1,95,95
9142,3300,25,5,20,100
9143,3300,19,2,30,60
9144,3300,40,5,26,130
9145,3300,2,4,320,1280
9146,3300,17,1,42,42
9147,3301,11,4,9,36
9148,3301,8,2,27,54
9149,3301,3,2,1550,3100
9150,3302,26,3,50,150
9151,3303,39,5,14,70
9152,3303,4,3,55,165
9153,3303,2,3,320,960
9154,3303,35,5,72,360
9155,3303,12,1,15,15
9156,3304,15,4,32,128
9157,3304,1,3,260,780
9158,3304,36,5,9,45
9159,3304,35,5,72,360
9160,3304,38,2,44,88
9161,3304,13,2,780,1560
9162,3304,3,2,1550,3100
9163,3305,7,3,95,285
9164,3305,36,1,9,9
9165,3305,23,1,18,18
9166,3305,27,1,45,45
9167,3305,16,2,30,60
9168,3305,1,1,260,260
9169,3305,10,3,68,204
9170,3306,26,3,50,150
9171,3306,7,1,95,95
9172,3306,38,5,44,220
9173,3306,23,3,18,54
9174,3306,14,5,40,200
9175,3306,2,2,320,640
9176,3306,37,4,50,200
9177,3307,19,4,30,120
9178,3307,28,1,25,25
9179,3307,29,1,240,240
9180,3307,37,5,50,250
9181,3307,4,4,55,220
9182,3308,27,1,45,45
9183,3308,3,1,1550,1550
9184,3309,24,3,92,276
9185,3309,8,3,27,81
9186,3309,4,3,55,165
9187,3309,15,2,32,64
9188,3310,39,4,14,56
9189,3310,3,2,1550,3100
9190,3310,26,3,50,150
9191,3310,31,2,190,380
9192,3310,18,3,36,108
9193,3311,25,2,20,40
9194,3312,21,5,40,200
9195,3313,28,2,25,50
9196,3313,31,1,190,190
9197,3313,9,5,75,375
9198,3313,21,1,40,40
9199,3313,12,3,15,45
9200,3314,14,1,40,40
9201,3314,19,3,30,90
9202,3315,20,3,78,234
9203,3315,31,3,190,570
9204,3315,25,5,20,100
9205,3315,35,2,72,144
9206,3316,28,2,25,50
9207,3316,21,3,40,120
9208,3316,11,1,9,9
9209,3316,7,4,95,380
9210,3316,15,1,32,32
9211,3317,19,2,30,60
9212,3317,22,1,48,48
9213,3318,39,2,14,28
9214,3318,4,4,55,220
9215,3319,12,4,15,60
9216,3319,6,2,58,116
9217,3320,10,3,68,204
9218,3320,30,5,115,575
9219,3320,32,3,165,495
9220,3320,11,3,9,27
9221,3320,28,5,25,125
9222,3320,18,3,36,108
9223,3320,16,2,30,60
9224,3321,38,3,44,132
9225,3321,20,2,78,156
9226,3322,21,3,40,120
9227,3322,7,5,95,475
9228,3322,26,1,50,50
9229,3322,8,4,27,108
9230,3322,33,1,78,78
9231,3322,40,1,26,26
9232,3323,4,5,55,275
9233,3323,34,1,3,3
9234,3323,24,3,92,276
9235,3324,30,3,115,345
9236,3324,20,2,78,156
9237,3324,18,3,36,108
9238,3324,31,2,190,380
9239,3325,29,2,240,480
9240,3325,34,1,3,3
9241,3325,19,3,30,90
9242,3326,20,5,78,390
9243,3326,37,2,50,100
9244,3326,30,1,115,115
9245,3326,13,2,780,1560
9246,3326,17,2,42,84
9247,3327,33,1,78,78
9248,3327,35,5,72,360
9249,3327,2,2,320,640
9250,3327,15,4,32,128
9251,3328,13,2,780,1560
9252,3328,16,5,30,150
9253,3328,34,5,3,15
9254,3328,12,2,15,30
9255,3328,28,5,25,125
9256,3328,3,1,1550,1550
9257,3329,12,2,15,30
9258,3329,31,1,190,190
9259,3329,35,3,72,216
9260,3330,36,4,9,36
9261,3330,28,3,25,75
9262,3330,12,4,15,60
9263,3330,21,3,40,120
9264,3330,5,2,22,44
9265,3330,37,3,50,150
9266,3330,38,2,44,88
9267,3331,33,3,78,234
9268,3331,4,4,55,220
9269,3331,7,4,95,380
9270,3331,37,2,50,100
9271,3332,18,4,36,144
9272,3332,25,4,20,80
9273,3332,32,4,165,660
9274,3333,38,1,44,44
9275,3333,26,3,50,150
9276,3334,14,5,40,200
9277,3334,26,5,50,250
9278,3335,17,5,42,210
9279,3335,25,5,20,100
9280,3335,28,5,25,125
9281,3335,22,1,48,48
9282,3335,4,1,55,55
9283,3336,4,5,55,275
9284,3337,22,2,48,96
9285,3337,31,3,190,570
9286,3337,15,2,32,64
9287,3337,37,1,50,50
9288,3337,2,1,320,320
9289,3338,39,4,14,56
9290,3338,27,3,45,135
9291,3338,34,5,3,15
9292,3338,19,5,30,150
9293,3338,11,3,9,27
9294,3339,40,5,26,130
9295,3339,30,3,115,345
9296,3339,38,4,44,176
9297,3339,24,3,92,276
9298,3339,29,2,240,480
9299,3340,34,4,3,12
9300,3340,9,5,75,375
9301,3340,40,4,26,104
9302,3340,8,5,27,135
9303,3340,4,5,55,275
9304,3340,12,1,15,15
9305,3340,10,2,68,136
9306,3341,34,4,3,12
9307,3341,35,1,72,72
9308,3341,13,2,780,1560
9309,3342,38,3,44,132
9310,3342,34,1,3,3
9311,3342,20,3,78,234
9312,3343,14,1,40,40
9313,3343,28,2,25,50
9314,3343,32,2,165,330
9315,3343,11,1,9,9
9316,3343,34,2,3,6
9317,3343,26,5,50,250
9318,3343,36,5,9,45
9319,3344,28,5,25,125
9320,3344,35,2,72,144
9321,3344,8,5,27,135
9322,3345,35,1,72,72
9323,3345,6,1,58,58
9324,3345,18,5,36,180
9325,3345,22,5,48,240
9326,3346,11,2,9,18
9327,3346,7,5,95,475
9328,3346,29,2,240,480
9329,3346,30,4,115,460
9330,3346,4,5,55,275
9331,3346,24,2,92,184
9332,3347,24,5,92,460
9333,3347,6,5,58,290
9334,3348,2,1,320,320
9335,3348,30,1,115,115
9336,3348,1,5,260,1300
9337,3348,21,2,40,80
9338,3348,13,1,780,780
9339,3348,9,1,75,75
9340,3348,26,2,50,100
9341,3349,35,1,72,72
9342,3349,9,2,75,150
9343,3349,37,4,50,200
9344,3349,31,1,190,190
9345,3349,20,5,78,390
9346,3349,39,1,14,14
9347,3349,21,5,40,200
9348,3350,35,2,72,144
9349,3350,7,3,95,285
9350,3350,33,2,78,156
9351,3350,8,4,27,108
9352,3350,3,1,1550,1550
9353,3350,19,4,30,120
9354,3350,21,1,40,40
9355,3351,34,4,3,12
9356,3351,32,2,165,330
9357,3351,14,4,40,160
9358,3352,14,5,40,200
9359,3353,39,5,14,70
9360,3353,26,1,50,50
9361,3353,37,1,50,50
9362,3353,16,3,30,90
9363,3353,14,5,40,200
9364,3353,23,3,18,54
9365,3354,28,4,25,100
9366,3354,6,4,58,232
9367,3354,24,2,92,184
9368,3354,19,5,30,150
9369,3354,29,2,240,480
9370,3354,16,5,30,150
9371,3354,39,2,14,28
9372,3355,23,3,18,54
9373,3355,8,2,27,54
9374,3355,7,4,95,380
9375,3356,40,2,26,52
9376,3356,3,2,1550,3100
9377,3356,9,1,75,75
9378,3356,33,2,78,156
9379,3356,16,5,30,150
9380,3356,31,5,190,950
9381,3357,25,3,20,60
9382,3357,27,2,45,90
9383,3357,1,5,260,1300
9384,3357,22,1,48,48
9385,3358,17,5,42,210
9386,3358,5,4,22,88
9387,3358,27,3,45,135
9388,3358,3,1,1550,1550
9389,3359,35,1,72,72
9390,3359,20,3,78,234
9391,3359,27,1,45,45
9392,3360,36,2,9,18
9393,3360,35,4,72,288
9394,3361,1,4,260,1040
9395,3361,17,4,42,168
9396,3362,28,1,25,25
9397,3362,9,3,75,225
9398,3363,17,3,42,126
9399,3363,18,2,36,72
9400,3363,30,1,115,115
9401,3363,8,5,27,135
9402,3363,34,4,3,12
9403,3363,15,5,32,160
9404,3364,3,2,1550,3100
9405,3364,27,5,45,225
9406,3364,32,5,165,825
9407,3364,26,4,50,200
9408,3364,17,3,42,126
9409,3364,1,3,260,780
9410,3364,12,3,15,45
9411,3365,16,5,30,150
9412,3366,30,1,115,115
9413,3366,9,4,75,300
9414,3366,32,5,165,825
9415,3366,8,5,27,135
9416,3366,40,1,26,26
9417,3366,18,1,36,36
9418,3367,25,1,20,20
9419,3367,18,5,36,180
9420,3367,3,2,1550,3100
9421,3367,13,1,780,780
9422,3367,20,5,78,390
9423,3367,14,4,40,160
9424,3367,33,4,78,312
9425,3368,15,1,32,32
9426,3368,14,3,40,120
9427,3368,26,1,50,50
9428,3368,19,2,30,60
9429,3368,31,1,190,190
9430,3369,1,4,260,1040
9431,3369,40,1,26,26
9432,3369,8,2,27,54
9433,3369,23,5,18,90
9434,3369,13,1,780,780
9435,3370,9,3,75,225
9436,3370,23,1,18,18
9437,3370,17,2,42,84
9438,3370,11,2,9,18
9439,3371,40,3,26,78
9440,3372,30,1,115,115
9441,3372,9,1,75,75
9442,3372,1,1,260,260
9443,3372,18,4,36,144
9444,3373,38,3,44,132
9445,3373,18,2,36,72
9446,3373,7,5,95,475
9447,3373,37,1,50,50
9448,3373,14,1,40,40
9449,3373,11,5,9,45
9450,3374,40,3,26,78
9451,3374,20,5,78,390
9452,3374,7,4,95,380
9453,3374,10,1,68,68
9454,3375,36,4,9,36
9455,3375,31,2,190,380
9456,3375,10,2,68,136
9457,3375,25,2,20,40
9458,3375,17,3,42,126
9459,3376,32,2,165,330
9460,3377,19,2,30,60
9461,3377,1,2,260,520
9462,3378,7,2,95,190
9463,3378,35,3,72,216
9464,3378,40,4,26,104
9465,3378,4,5,55,275
9466,3379,7,1,95,95
9467,3379,25,2,20,40
9468,3379,14,5,40,200
9469,3379,4,4,55,220
9470,3380,11,5,9,45
9471,3380,4,3,55,165
9472,3380,10,2,68,136
9473,3380,3,2,1550,3100
9474,3381,27,5,45,225
9475,3381,9,1,75,75
9476,3381,5,1,22,22
9477,3381,37,3,50,150
9478,3381,24,4,92,368
9479,3381,13,2,780,1560
9480,3381,40,5,26,130
9481,3382,2,2,320,640
9482,3382,4,2,55,110
9483,3382,7,3,95,285
9484,3383,37,1,50,50
9485,3383,1,4,260,1040
9486,3383,2,2,320,640
9487,3383,30,2,115,230
9488,3383,14,1,40,40
9489,3383,40,1,26,26
9490,3383,6,2,58,116
9491,3384,25,4,20,80
9492,3384,37,4,50,200
9493,3384,3,1,1550,1550
9494,3384,33,2,78,156
9495,3384,31,1,190,190
9496,3385,17,3,42,126
9497,3386,8,4,27,108
9498,3386,32,3,165,495
9499,3386,40,3,26,78
9500,3386,37,2,50,100
9501,3386,11,4,9,36
9502,3386,5,1,22,22
9503,3386,31,2,190,380
9504,3387,15,4,32,128
9505,3387,20,1,78,78
9506,3387,19,2,30,60
9507,3387,9,3,75,225
9508,3387,12,2,15,30
9509,3387,24,2,92,184
9510,3387,10,5,68,340
9511,3388,6,3,58,174
9512,3388,10,3,68,204
9513,3388,2,4,320,1280
9514,3389,31,3,190,570
9515,3389,12,1,15,15
9516,3389,25,2,20,40
9517,3389,2,2,320,640
9518,3389,14,4,40,160
9519,3389,39,4,14,56
9520,3389,27,1,45,45
9521,3390,30,3,115,345
9522,3390,39,3,14,42
9523,3390,20,5,78,390
9524,3390,36,5,9,45
9525,3390,2,3,320,960
9526,3390,9,1,75,75
9527,3391,3,2,1550,3100
9528,3391,9,5,75,375
9529,3391,7,5,95,475
9530,3391,37,1,50,50
9531,3392,28,3,25,75
9532,3392,35,5,72,360
9533,3393,35,2,72,144
9534,3393,27,2,45,90
9535,3393,17,4,42,168
9536,3393,31,4,190,760
9537,3393,36,1,9,9
9538,3393,28,1,25,25
9539,3393,33,5,78,390
9540,3394,18,2,36,72
9541,3394,20,4,78,312
9542,3394,30,5,115,575
9543,3394,17,1,42,42
9544,3394,2,5,320,1600
9545,3395,37,4,50,200
9546,3396,40,4,26,104
9547,3396,37,3,50,150
9548,3396,9,1,75,75
9549,3397,26,5,50,250
9550,3398,13,2,780,1560
9551,3398,26,5,50,250
9552,3398,9,4,75,300
9553,3398,40,3,26,78
9554,3398,21,4,40,160
9555,3398,15,1,32,32
9556,3398,18,5,36,180
9557,3399,8,5,27,135
9558,3399,15,4,32,128
9559,3400,18,1,36,36
9560,3400,28,2,25,50
9561,3400,12,1,15,15
9562,3401,13,1,780,780
9563,3401,32,3,165,495
9564,3402,1,1,260,260
9565,3402,14,5,40,200
9566,3402,4,5,55,275
9567,3403,16,5,30,150
9568,3403,19,1,30,30
9569,3403,26,5,50,250
9570,3403,30,1,115,115
9571,3404,34,5,3,15
9572,3405,37,5,50,250
9573,3405,6,1,58,58
9574,3405,8,4,27,108
9575,3405,17,5,42,210
9576,3405,38,2,44,88
9577,3405,26,2,50,100
9578,3405,1,2,260,520
9579,3406,32,1,165,165
9580,3406,13,2,780,1560
9581,3406,30,3,115,345
9582,3406,35,5,72,360
9583,3406,38,1,44,44
9584,3406,3,2,1550,3100
9585,3407,17,1,42,42
9586,3407,25,5,20,100
9587,3407,16,5,30,150
9588,3407,3,2,1550,3100
9589,3408,15,1,32,32
9590,3408,16,1,30,30
9591,3408,28,5,25,125
9592,3408,8,1,27,27
9593,3408,7,3,95,285
9594,3408,39,1,14,14
9595,3409,39,5,14,70
9596,3409,36,3,9,27
9597,3409,24,2,92,184
9598,3409,17,1,42,42
9599,3409,22,2,48,96
9600,3409,33,3,78,234
9601,3410,1,4,260,1040
9602,3410,5,1,22,22
9603,3410,24,4,92,368
9604,3410,14,3,40,120
9605,3410,21,4,40,160
9606,3410,16,5,30,150
9607,3410,18,5,36,180
9608,3411,17,4,42,168
9609,3411,19,2,30,60
9610,3411,38,1,44,44
9611,3411,18,1,36,36
9612,3411,26,1,50,50
9613,3412,9,2,75,150
9614,3412,18,2,36,72
9615,3412,2,2,320,640
9616,3412,35,5,72,360
9617,3412,6,4,58,232
9618,3413,19,3,30,90
9619,3413,1,5,260,1300
9620,3413,10,1,68,68
9621,3413,26,4,50,200
9622,3413,3,2,1550,3100
9623,3414,21,3,40,120
9624,3414,9,2,75,150
9625,3414,30,2,115,230
9626,3414,15,3,32,96
9627,3414,23,4,18,72
9628,3414,13,1,780,780
9629,3415,19,2,30,60
9630,3416,7,1,95,95
9631,3416,36,2,9,18
9632,3416,9,3,75,225
9633,3416,22,3,48,144
9634,3416,8,5,27,135
9635,3417,19,1,30,30
9636,3418,4,5,55,275
9637,3419,4,4,55,220
9638,3419,17,1,42,42
9639,3420,6,5,58,290
9640,3421,34,1,3,3
9641,3421,10,1,68,68
9642,3422,12,2,15,30
9643,3423,28,3,25,75
9644,3423,5,5,22,110
9645,3423,23,3,18,54
9646,3423,6,1,58,58
9647,3423,9,4,75,300
9648,3424,28,1,25,25
9649,3424,40,3,26,78
9650,3424,21,2,40,80
9651,3424,15,2,32,64
9652,3424,17,4,42,168
9653,3424,20,4,78,312
9654,3425,20,1,78,78
9655,3425,25,5,20,100
9656,3426,22,1,48,48
9657,3427,32,2,165,330
9658,3427,14,3,40,120
9659,3427,20,2,78,156
9660,3428,27,3,45,135
9661,3428,6,1,58,58
9662,3428,32,2,165,330
9663,3428,35,4,72,288
9664,3428,11,2,9,18
9665,3429,29,2,240,480
9666,3429,1,3,260,780
9667,3429,33,4,78,312
9668,3429,26,2,50,100
9669,3430,9,3,75,225
9670,3430,18,5,36,180
9671,3430,5,3,22,66
9672,3430,29,2,240,480
9673,3430,27,4,45,180
9674,3430,35,1,72,72
9675,3430,37,2,50,100
9676,3431,4,1,55,55
9677,3431,14,5,40,200
9678,3431,24,3,92,276
9679,3431,1,5,260,1300
9680,3431,3,2,1550,3100
9681,3432,10,3,68,204
9682,3432,9,2,75,150
9683,3432,16,3,30,90
9684,3433,20,4,78,312
9685,3434,10,5,68,340
9686,3434,8,3,27,81
9687,3434,6,2,58,116
9688,3434,22,3,48,144
9689,3434,28,3,25,75
9690,3435,12,1,15,15
9691,3435,2,1,320,320
9692,3435,26,5,50,250
9693,3435,18,4,36,144
9694,3435,19,2,30,60
9695,3436,36,1,9,9
9696,3436,6,4,58,232
9697,3436,34,2,3,6
9698,3436,10,3,68,204
9699,3436,30,2,115,230
9700,3437,38,2,44,88
9701,3437,19,1,30,30
9702,3437,33,5,78,390
9703,3438,38,4,44,176
9704,3438,27,4,45,180
9705,3438,35,3,72,216
9706,3439,2,3,320,960
9707,3439,23,3,18,54
9708,3439,7,2,95,190
9709,3439,38,3,44,132
9710,3439,3,1,1550,1550
9711,3439,12,2,15,30
9712,3439,6,2,58,116
9713,3440,2,2,320,640
9714,3440,8,4,27,108
9715,3440,26,2,50,100
9716,3440,4,1,55,55
9717,3440,20,5,78,390
9718,3440,34,4,3,12
9719,3440,28,1,25,25
9720,3441,13,1,780,780
9721,3442,13,2,780,1560
9722,3442,7,1,95,95
9723,3442,29,1,240,240
9724,3442,36,2,9,18
9725,3442,4,3,55,165
9726,3442,6,4,58,232
9727,3443,8,1,27,27
9728,3443,16,4,30,120
9729,3443,7,2,95,190
9730,3443,32,3,165,495
9731,3443,38,5,44,220
9732,3443,30,1,115,115
9733,3443,27,5,45,225
9734,3444,7,5,95,475
9735,3444,38,3,44,132
9736,3444,19,3,30,90
9737,3445,8,2,27,54
9738,3446,22,1,48,48
9739,3446,15,4,32,128
9740,3446,34,2,3,6
9741,3446,11,5,9,45
9742,3447,29,1,240,240
9743,3447,34,2,3,6
9744,3447,1,4,260,1040
9745,3447,31,1,190,190
9746,3447,9,4,75,300
9747,3448,28,5,25,125
9748,3449,33,5,78,390
9749,3449,8,4,27,108
9750,3449,31,3,190,570
9751,3449,10,4,68,272
9752,3449,9,4,75,300
9753,3449,13,1,780,780
9754,3450,32,1,165,165
9755,3450,22,4,48,192
9756,3451,36,5,9,45
9757,3451,7,1,95,95
9758,3451,1,5,260,1300
9759,3451,12,3,15,45
9760,3452,23,2,18,36
9761,3452,30,2,115,230
9762,3452,33,2,78,156
9763,3452,3,2,1550,3100
9764,3452,1,2,260,520
9765,3452,11,2,9,18
9766,3452,17,1,42,42
9767,3453,38,5,44,220
9768,3453,3,2,1550,3100
9769,3453,25,4,20,80
9770,3453,39,3,14,42
9771,3454,31,1,190,190
9772,3454,2,4,320,1280
9773,3454,25,5,20,100
9774,3454,29,1,240,240
9775,3455,37,1,50,50
9776,3455,24,3,92,276
9777,3456,8,3,27,81
9778,3457,10,3,68,204
9779,3457,25,1,20,20
9780,3457,5,5,22,110
9781,3457,1,3,260,780
9782,3457,31,2,190,380
9783,3457,37,3,50,150
9784,3457,14,2,40,80
9785,3458,8,3,27,81
9786,3458,35,5,72,360
9787,3458,15,1,32,32
9788,3458,37,2,50,100
9789,3458,9,1,75,75
9790,3458,19,1,30,30
9791,3459,7,1,95,95
9792,3459,28,3,25,75
9793,3459,39,2,14,28
9794,3460,10,3,68,204
9795,3461,25,3,20,60
9796,3462,19,5,30,150
9797,3462,26,1,50,50
9798,3462,16,1,30,30
9799,3462,15,1,32,32
9800,3462,22,3,48,144
9801,3462,37,1,50,50
9802,3463,8,5,27,135
9803,3463,18,4,36,144
9804,3463,32,1,165,165
9805,3463,27,3,45,135
9806,3463,17,4,42,168
9807,3463,10,2,68,136
9808,3463,38,5,44,220
9809,3464,21,1,40,40
9810,3464,8,4,27,108
9811,3464,9,4,75,300
9812,3465,7,3,95,285
9813,3465,9,5,75,375
9814,3465,15,4,32,128
9815,3466,7,1,95,95
9816,3466,22,5,48,240
9817,3466,24,4,92,368
9818,3466,17,2,42,84
9819,3466,10,2,68,136
9820,3467,25,3,20,60
9821,3467,2,4,320,1280
9822,3467,10,4,68,272
9823,3467,19,4,30,120
9824,3467,37,2,50,100
9825,3467,28,1,25,25
9826,3468,5,4,22,88
9827,3468,29,1,240,240
9828,3468,7,1,95,95
9829,3469,33,2,78,156
9830,3469,30,4,115,460
9831,3469,8,1,27,27
9832,3469,24,2,92,184
9833,3469,25,1,20,20
9834,3469,17,4,42,168
9835,3469,31,3,190,570
9836,3470,15,4,32,128
9837,3470,34,3,3,9
9838,3470,2,1,320,320
9839,3471,20,5,78,390
9840,3471,33,2,78,156
9841,3471,21,3,40,120
9842,3471,30,3,115,345
9843,3471,12,4,15,60
9844,3471,25,5,20,100
9845,3471,4,4,55,220
9846,3472,29,2,240,480
9847,3472,12,1,15,15
9848,3473,27,4,45,180
9849,3473,28,4,25,100
9850,3473,17,2,42,84
9851,3473,9,2,75,150
9852,3474,5,4,22,88
9853,3474,14,4,40,160
9854,3474,22,2,48,96
9855,3474,36,3,9,27
9856,3475,9,5,75,375
9857,3475,14,1,40,40
9858,3475,34,4,3,12
9859,3475,28,1,25,25
9860,3475,33,3,78,234
9861,3476,34,3,3,9
9862,3476,26,3,50,150
9863,3476,38,2,44,88
9864,3476,15,3,32,96
9865,3476,12,1,15,15
9866,3477,2,4,320,1280
9867,3477,34,2,3,6
9868,3477,39,5,14,70
9869,3478,6,3,58,174
9870,3478,21,1,40,40
9871,3478,39,3,14,42
9872,3478,29,1,240,240
9873,3479,21,4,40,160
9874,3479,27,4,45,180
9875,3479,29,2,240,480
9876,3479,4,3,55,165
9877,3479,31,3,190,570
9878,3479,33,2,78,156
9879,3480,5,3,22,66
9880,3480,38,2,44,88
9881,3480,2,2,320,640
9882,3480,16,4,30,120
9883,3481,26,2,50,100
9884,3481,9,2,75,150
9885,3482,10,1,68,68
9886,3482,31,1,190,190
9887,3483,30,2,115,230
9888,3483,24,1,92,92
9889,3483,32,3,165,495
9890,3483,28,2,25,50
9891,3483,8,5,27,135
9892,3483,38,5,44,220
9893,3483,7,3,95,285
9894,3484,19,5,30,150
9895,3485,37,2,50,100
9896,3485,36,1,9,9
9897,3485,15,4,32,128
9898,3485,3,1,1550,1550
9899,3486,38,1,44,44
9900,3486,12,2,15,30
9901,3487,27,4,45,180
9902,3487,37,3,50,150
9903,3487,36,4,9,36
9904,3487,1,1,260,260
9905,3487,7,1,95,95
9906,3487,18,4,36,144
9907,3488,2,4,320,1280
9908,3488,5,2,22,44
9909,3488,29,2,240,480
9910,3488,30,1,115,115
9911,3488,14,3,40,120
9912,3489,1,4,260,1040
9913,3489,3,1,1550,1550
9914,3489,19,3,30,90
9915,3489,13,2,780,1560
9916,3489,14,4,40,160
9917,3489,12,5,15,75
9918,3490,8,5,27,135
9919,3490,29,2,240,480
9920,3491,29,1,240,240
9921,3491,28,4,25,100
9922,3491,16,3,30,90
9923,3491,36,3,9,27
9924,3491,1,1,260,260
9925,3491,35,2,72,144
9926,3491,15,3,32,96
9927,3492,40,5,26,130
9928,3492,36,2,9,18
9929,3492,21,2,40,80
9930,3492,7,4,95,380
9931,3492,39,2,14,28
9932,3493,32,3,165,495
9933,3493,12,1,15,15
9934,3493,35,3,72,216
9935,3493,6,5,58,290
9936,3493,11,4,9,36
9937,3493,8,1,27,27
9938,3493,25,2,20,40
9939,3494,27,5,45,225
9940,3494,29,2,240,480
9941,3494,26,3,50,150
9942,3494,22,2,48,96
9943,3494,11,5,9,45
9944,3494,30,4,115,460
9945,3495,40,4,26,104
9946,3495,38,1,44,44
9947,3495,24,5,92,460
9948,3496,35,1,72,72
9949,3496,28,2,25,50
9950,3496,20,1,78,78
9951,3496,1,5,260,1300
9952,3496,27,1,45,45
9953,3496,32,1,165,165
9954,3496,24,5,92,460
9955,3497,11,2,9,18
9956,3497,39,5,14,70
9957,3497,3,1,1550,1550
9958,3497,40,3,26,78
9959,3497,12,3,15,45
9960,3497,5,5,22,110
9961,3497,24,5,92,460
9962,3498,38,2,44,88
9963,3499,23,2,18,36
9964,3499,13,1,780,780
9965,3500,11,3,9,27
9966,3501,3,2,1550,3100
9967,3502,22,3,48,144
9968,3502,23,1,18,18
9969,3502,4,2,55,110
9970,3502,8,4,27,108
9971,3502,15,5,32,160
9972,3502,40,5,26,130
9973,3503,36,3,9,27
9974,3503,40,2,26,52
9975,3503,19,4,30,120
9976,3503,14,2,40,80
9977,3503,13,2,780,1560
9978,3503,16,2,30,60
9979,3503,39,1,14,14
9980,3504,35,3,72,216
9981,3504,2,3,320,960
9982,3504,23,1,18,18
9983,3504,37,2,50,100
9984,3504,40,5,26,130
9985,3504,15,1,32,32
9986,3504,8,4,27,108
9987,3505,22,2,48,96
9988,3505,39,4,14,56
9989,3505,26,4,50,200
9990,3505,21,2,40,80
9991,3505,9,1,75,75
9992,3505,4,4,55,220
9993,3505,8,4,27,108
9994,3506,38,1,44,44
9995,3506,24,1,92,92
9996,3506,18,4,36,144
9997,3507,39,5,14,70
9998,3507,18,2,36,72
9999,3508,22,2,48,96
10000,3508,40,4,26,104
10001,3508,7,4,95,380
10002,3508,38,1,44,44
10003,3509,15,4,32,128
10004,3509,7,3,95,285
10005,3509,31,4,190,760
10006,3509,24,3,92,276
10007,3509,40,2,26,52
10008,3509,26,5,50,250
10009,3510,26,4,50,200
10010,3510,17,1,42,42
10011,3510,25,4,20,80
10012,3510,7,2,95,190
10013,3510,10,1,68,68
10014,3510,2,1,320,320
10015,3511,38,3,44,132
10016,3511,11,1,9,9
10017,3511,35,2,72,144
10018,3511,18,2,36,72
10019,3511,21,1,40,40
10020,3512,23,3,18,54
10021,3513,1,2,260,520
10022,3513,21,2,40,80
10023,3513,7,1,95,95
10024,3514,7,4,95,380
10025,3514,20,5,78,390
10026,3514,16,4,30,120
10027,3514,4,2,55,110
10028,3514,34,3,3,9
10029,3515,39,2,14,28
10030,3515,9,1,75,75
10031,3515,24,5,92,460
10032,3515,17,5,42,210
10033,3516,17,1,42,42
10034,3516,21,5,40,200
10035,3517,35,4,72,288
10036,3517,31,4,190,760
10037,3517,32,4,165,660
10038,3518,37,3,50,150
10039,3518,13,1,780,780
10040,3518,14,2,40,80
10041,3518,16,3,30,90
10042,3518,11,4,9,36
10043,3518,28,5,25,125
10044,3518,23,3,18,54
10045,3519,18,3,36,108
10046,3519,4,5,55,275
10047,3519,34,5,3,15
10048,3519,22,2,48,96
10049,3520,35,1,72,72
10050,3520,11,5,9,45
10051,3520,21,3,40,120
10052,3520,28,4,25,100
10053,3520,31,4,190,760
10054,3520,9,2,75,150
10055,3520,26,5,50,250
10056,3521,11,4,9,36
10057,3521,24,2,92,184
10058,3521,20,5,78,390
10059,3521,14,2,40,80
10060,3521,21,2,40,80
10061,3521,39,2,14,28
10062,3521,6,3,58,174
10063,3522,7,2,95,190
10064,3523,26,2,50,100
10065,3523,11,5,9,45
10066,3523,20,4,78,312
10067,3524,38,1,44,44
10068,3524,17,1,42,42
10069,3525,11,1,9,9
10070,3525,40,1,26,26
10071,3525,16,5,30,150
10072,3525,18,4,36,144
10073,3525,6,4,58,232
10074,3525,19,2,30,60
10075,3525,12,4,15,60
10076,3526,9,4,75,300
10077,3527,17,1,42,42
10078,3528,24,3,92,276
10079,3528,28,1,25,25
10080,3528,13,1,780,780
10081,3528,12,2,15,30
10082,3528,5,5,22,110
10083,3529,4,5,55,275
10084,3530,16,5,30,150
10085,3530,24,5,92,460
10086,3531,9,4,75,300
10087,3531,11,1,9,9
